name,images
Aaron_Eckhart,2
Aaron_Guiel,2
Aaron_Peirsol,4
Aaron_Pena,2
Aaron_Sorkin,2
Aaron_Tippin,2
Abbas_Kiarostami,2
Abba_Eban,2
Abdel_Aziz_Al-Hakim,2
Abdel_Nasser_Assidi,3
Abdoulaye_Wade,2
Abdullah,3
Abdullah_Ahmad_Badawi,3
Abdullah_Gul,3
Abdullatif_Sener,2
Abel_Aguilar,4
Abel_Pacheco,4
Abid_Hamid_Mahmud_Al-Tikriti,2
Abraham_Foxman,4
Adam_Ant,2
Adam_Freier,3
Adam_Herbert,2
Adam_Kennedy,2
Adam_Mair,2
Adam_Rich,3
Adam_Sandler,4
Adel_Al-Jubeir,3
Adolfo_Aguilar_Zinser,4
Adolfo_Rodriguez_Saa,4
Adoor_Gopalakarishnan,3
Adrian_Annus,2
Adrian_Fernandez,3
Adrian_Murrell,2
Adrian_Nastase,3
Adrien_Brody,4
Afton_Smith,2
Agbani_Darego,2
Agnelo_Queiroz,2
Agnes_Bruckner,2
Ahmed_Ahmed,2
Ahmed_Chalabi,4
Ahmed_Qureia,3
Ahmet_Demir,2
Ahmet_Necdet_Sezer,2
Aicha_El_Ouafi,2
Aidan_Quinn,4
Aileen_Riggin_Soule,2
Aishwarya_Rai,4
Aitor_Gonzalez,2
Ai_Sugiyama,2
Ajit_Agarkar,3
AJ_Cook,2
AJ_Lamas,2
Akbar_Hashemi_Rafsanjani,3
Akhmed_Zakayev,4
Akiko_Morigami,2
Akmal_Taher,3
Alain_Ducasse,4
Alanis_Morissette,2
Alanna_Ubach,2
Alan_Ball,4
Alan_Dershowitz,4
Alan_Greenspan,4
Alan_Jackson,2
Alan_Mulally,2
Alan_Tang_Kwong-wing,4
Alan_Trammell,4
Alan_Zemaitis,2
Alastair_Campbell,3
Albaro_Recoba,4
Alberto_Acosta,3
Alberto_Fujimori,4
Alberto_Gonzales,3
Alberto_Ruiz_Gallardon,2
Alberto_Sordi,4
Albert_Brooks,4
Albert_Costa,3
Albert_Montanes,4
Albert_Pujols,2
Alecos_Markides,2
Alec_Baldwin,4
Alejandro_Atchugarry,2
Alejandro_Fernandez,3
Alejandro_Gonzalez_Inarritu,4
Alejandro_Lembo,4
Alejandro_Lerner,4
Alejandro_Toledo,4
Aleksander_Kwasniewski,2
Aleksander_Voloshin,2
Alessandro_Nesta,4
Alexander_Downer,3
Alexander_Losyukov,2
Alexander_Lukashenko,3
Alexander_Payne,4
Alexander_Rumyantsev,2
Alexandra_Pelosi,2
Alexandra_Rozovskaya,2
Alexandra_Stevenson,2
Alexandra_Vodjanikova,2
Alexandre_Daigle,2
Alexandre_Herchcovitch,4
Alexandre_Vinokourov,4
Alexa_Loren,2
Alexa_Vega,4
Alexis_Bledel,2
Alexis_Dennisoff,4
Alex_Barros,4
Alex_Cabrera,2
Alex_Cejka,4
Alex_Corretja,3
Alex_Ferguson,4
Alex_Gonzalez,2
Alex_Penelas,3
Alex_Sink,3
Alex_Wallau,2
Alex_Zanardi,4
Alfonso_Cuaron,4
Alfonso_Portillo,4
Alfonso_Soriano,2
Alfredo_di_Stefano,3
Alfredo_Moreno,3
Alfredo_Pena,2
Alfred_Sant,3
Alice_Fisher,2
Alicia_Hollowell,2
Alicia_Keys,2
Alicia_Silverstone,4
Alicia_Witt,4
Alimzhan_Tokhtakhounov,4
Alina_Kabaeva,2
Aline_Chretien,4
Alison_Krauss,2
Ali_Abdullah_Saleh,4
Ali_Ahmeti,2
Ali_Bin_Hussein,2
Ali_Fallahian,3
Ali_Khamenei,2
Ali_Naimi,2
Allan_Houston,4
Allan_Kemakeza,2
Allen_Iverson,3
Allison_Janney,4
Allyson_Felix,2
Ally_Sheedy,4
Alma_Powell,2
Alonzo_Mourning,2
Alvaro_Silva_Calderon,2
Alvaro_Uribe,4
Alyson_Hannigan,4
Aly_Wagner,2
Al_Cardenas,2
Al_Davis,4
Al_Gore,4
Al_Leiter,4
Al_Pacino,4
Al_Sharpton,4
Amanda_Beard,2
Amanda_Coetzer,4
Amanda_Marsh,2
Amanda_Plumer,4
Amber_Frey,2
Amber_Tamblyn,4
Ambrose_Lee,4
Amelie_Mauresmo,3
Amram_Mitzna,4
Amr_Moussa,2
Amy_Brenneman,2
Amy_Cotton,2
Amy_Pascal,3
Amy_Redford,2
Amy_Smart,4
Amy_Yasbeck,4
Anastasia_Kelesidou,2
Ana_Claudia_Talancon,2
Ana_Guevara,2
Ana_Palacio,4
Ana_Paula_Gerard,3
Ana_Sebastiao,2
Anderson_Varejao,4
Anders_Fogh_Rasmussen,4
Andreas_Vinciguerra,4
Andrea_Bocelli,2
Andrea_Yates,3
Andrei_Konchalovsky,4
Andrei_Nikolishin,4
Andres_DAlessandro,4
Andres_Manuel_Lopez_Obrador,2
Andres_Pastrana,4
Andrew_Caldecott,3
Andrew_Cuomo,3
Andrew_Fastow,2
Andrew_Firestone,4
Andrew_Jarecki,3
Andrew_Luster,3
Andrew_Niccol,2
Andrew_Weissmann,2
Andrew_Wetzler,2
Andre_Agassi,4
Andre_Bucher,3
Andre_Lange,3
Andre_Techine,3
Andy_Benes,4
Andy_Bryant,2
Andy_Dick,2
Andy_Garcia,4
Andy_Graves,2
Andy_Griffith,4
Andy_Griggs,4
Andy_Lau,4
Andy_Madikians,2
Andy_North,2
Andy_Roddick,2
Andy_Rooney,2
Andy_Warhol,4
Angela_Alvarado_Rosa,4
Angela_Bassett,4
Angela_Lansbury,4
Angela_Merkel,4
Angelina_Jolie,4
Angelo_Genova,2
Angelo_Reyes,2
Angel_Lockward,2
Angie_Arzola,2
Angie_Martinez,4
Anibal_Ibarra,4
Anita_DeFrantz,2
Anja_Paerson,2
Anjum_Hussain,2
Anna_Chicherova,2
Anna_Faris,3
Anna_Kournikova,2
Anna_Nicole_Smith,4
Anneli_Jaatteenmaki,2
Annette_Bening,4
Annette_Lu,3
Anne_Donovan,3
Anne_Heche,4
Anne_Krueger,2
Anne_McLellan,2
Anne_ONeil,2
Annie_Chaplin,4
Annie_Machon,4
Annika_Sorenstam,4
Ann_Landers,4
Ann_Morgan,2
Ann_Veneman,3
Antanas_Valionis,2
Anthony_Ervin,4
Anthony_Fauci,3
Anthony_Garotinho,3
Anthony_Hopkins,4
Anthony_LaPaglia,4
Anthony_Pico,2
Anthony_Pisciotti,2
Anthony_Rackauckas,2
Antje_Buschschulte,4
Antonio_Banderas,3
Antonio_Cassano,4
Antonio_Catania,2
Antonio_Elias_Saca,3
Antonio_Palocci,3
Antonio_Trillanes,2
Antony_Leung,4
Anton_Balasingham,4
Antwun_Echols,2
Anwar_Ibrahim,4
Anzori_Kikalishvili,3
Aparna_Pillai,2
Arantxa_Sanchez-Vicario,4
Aretha_Franklin,4
Arianna_Huffington,4
Ariel_Sharon,4
Arie_Haan,4
Arif_Mardin,3
Ari_Bousbib,2
Ari_Fleischer,2
Arlen_Specter,3
Armando_Calderon_Sol,2
Arminio_Fraga,4
Arnaud_Clement,4
Arnaud_Lagardere,3
Arnie_Boehm,2
Arnold_Palmer,4
Arnold_Schwarzenegger,4
Aron_Ralston,2
Arsinee_Khanjian,2
Arturo_Gatti,2
Art_Howe,3
Arye_Mekel,2
Asa_Hutchinson,2
Ashanti,4
Ashlea_Talbot,4
Ashley_Judd,2
Ashley_Olsen,3
Ashton_Kutcher,4
Askar_Akayev,4
Asmaa_Assad,2
Astrid_Betancourt,3
Atal_Bihari_Vajpayee,2
Ataollah_Mohajerani,3
Atom_Egoyan,3
Atsushi_Sato,2
Audrey_Sauret,2
Augustin_Calleri,4
Augusto_Pinochet,4
Augusto_Roa_Bastos,4
Aung_San_Suu_Kyi,2
Austin_Kearns,2
Azmi_Bishara,3
Babe_Ruth,4
Baburam_Bhattari,2
Barbara_Bach,3
Barbara_Becker,2
Barbara_Bodine,2
Barbara_Boxer,4
Barbara_Brezigar,2
Barbara_De_Brun,2
Barbara_Esbin,2
Barbara_Roberts,2
Barbara_Walters,3
Barbora_Strycova,2
Barbra_Streisand,3
Barrett_Jackman,2
Barry_Alvarez,4
Barry_Bonds,4
Barry_Collier,3
Barry_Diller,2
Barry_Switzer,4
Barry_Williams,2
Barry_Zito,2
Bartosz_Kizierowski,2
Bart_Freundlich,4
Bashar_Assad,2
Baz_Luhrmann,2
BB_King,4
Beatrice_Dalle,3
Beatriz_Merino,4
Begum_Khaleda_Zia,4
Bela_Karolyi,3
Benazir_Bhutto,2
Benedita_da_Silva,3
Benicio_Del_Toro,3
Benito_Santiago,4
Benjamin_Bratt,4
Benjamin_Franklin,2
Benjamin_Martinez,2
Benjamin_McKenzie,4
Ben_Affleck,4
Ben_Braun,2
Ben_Broussard,2
Ben_Cahoon,4
Ben_Chandler,2
Ben_Cohen,2
Ben_Curtis,2
Ben_Davis,2
Ben_Howland,4
Ben_Kingsley,4
Ben_Lee,2
Ben_Stein,4
Ben_Wallace,3
Bernadette_Peters,3
Bernardo_Segura,3
Bernard_Ebbers,2
Bernard_Giraudeau,3
Bernard_Kerik,4
Bernard_Landry,2
Bernard_Law,4
Bernard_Lord,2
Bernard_Siegel,2
Bertie_Ahern,3
Bertrand_Bonello,4
Bertrand_Delanoe,4
Bettina_Rheims,3
Betty_Williams,3
Beyonce_Knowles,2
Bianca_Jagger,4
Bijan_Darvish,2
Bilal_Erdogan,2
Biljana_Plavsic,3
Billy_Andrade,3
Billy_Beane,2
Billy_Bob_Thornton,2
Billy_Boyd,4
Billy_Crawford,2
Billy_Crystal,4
Billy_Donovan,4
Billy_Gilman,4
Billy_Graham,2
Billy_Joel,4
Billy_Sollie,2
Bill_Belichick,3
Bill_Bradley,4
Bill_Byrne,2
Bill_Callahan,4
Bill_Carmody,2
Bill_Cartwright,4
Bill_Clancy,2
Bill_Clinton,4
Bill_Curry,2
Bill_Doba,2
Bill_Elliott,4
Bill_Fennelly,4
Bill_Frist,2
Bill_Gates,4
Bill_Graham,2
Bill_Guerin,2
Bill_Herrion,2
Bill_Kollar,2
Bill_Kong,4
Bill_Lerach,3
Bill_Maher,4
Bill_Mauldin,4
Bill_McBride,2
Bill_Nelson,4
Bill_OReilly,4
Bill_Parcells,4
Bill_Pryor,2
Bill_Readdy,2
Bill_Richardson,4
Bill_Self,3
Bill_Simon,2
Bill_Sizemore,2
Bill_Stein,2
Bill_Walton,3
Bing_Crosby,3
Binyamin_Ben-Eliezer,2
Bison_Dele,2
Bixente_LIzarazu,4
BJ_Habibie,4
Blas_Ople,2
Blythe_Danner,4
Bobby_Bowden,4
Bobby_Jackson,4
Bobby_Robson,3
Bobo_Balde,2
Bob_Beauprez,2
Bob_Bowlsby,4
Bob_Crippen,2
Bob_Dole,4
Bob_Geldof,2
Bob_Graham,2
Bob_Guccione,2
Bob_Hartley,4
Bob_Hayes,2
Bob_Holden,4
Bob_Hope,4
Bob_Huggins,4
Bob_Iger,4
Bob_Krueger,2
Bob_Melvin,2
Bob_Menendez,4
Bob_Newhart,4
Bob_Petrino,2
Bob_Riley,3
Bob_Sulkin,3
Bob_Taft,3
Bob_Wright,2
Bode_Miller,4
Bonnie_Fuller,4
Bonnie_Hunt,4
Bono,3
Boris_Becker,4
Boris_Berezovsky,2
Boris_Jordan,3
Boris_Trajkovski,2
Boris_Yeltsin,3
Boutros_Boutros_Ghali,3
Bo_Pelini,4
Bo_Ryan,3
Brad_Brownell,3
Brad_Garrett,3
Brad_Gushue,4
Brad_Johnson,2
Brad_Miller,2
Brad_Pitt,4
Brad_Russ,2
Brad_Wilk,4
Brajesh_Mishra,3
Brandon_Boyd,4
Brandon_Hammond,3
Brandon_Inge,2
Brandon_Knight,2
Brandon_Larson,2
Brandon_Webb,2
Branko_Crvenkovski,4
Brawley_King,3
Brendan_Fraser,3
Brendan_Gaughan,2
Brendan_Hansen,4
Brenda_van_Dam,3
Brenda_Wilson,2
Brennon_Leighton,2
Brent_Coles,2
Brett_Boone,2
Brett_Hawke,4
Brett_Hull,3
Brian_Billick,4
Brian_Campbell,4
Brian_Cashman,2
Brian_Cook,3
Brian_Cowen,4
Brian_De_Palma,4
Brian_Gregory,4
Brian_Griese,3
Brian_Heidik,4
Brian_Henson,2
Brian_Jordan,3
Brian_Kerr,4
Brian_Lara,4
Brian_Mulroney,3
Brian_Olson,2
Brian_Scalabrine,2
Brian_Schneider,3
Brian_Wells,2
Brian_Williams,2
Bridgette_Wilson-Sampras,4
Bridget_Fonda,2
Brigitte_Boisselier,2
Britney_Spears,4
Brittany_Snow,3
Brock_Berlin,2
Bronson_Arroyo,2
Brooke_Adams,4
Brooke_Gordon,2
Brooke_Shields,4
Brook_Robinson,2
Bruce_Arena,4
Bruce_Gebhardt,2
Bruce_Lunsford,2
Bruce_Paltrow,3
Bruce_Springsteen,4
Bruce_Weber,2
Bruce_Willis,3
Bruna_Colosio,2
Bruno_Junquiera,2
Bryan_Adams,4
Bryan_Chui,3
Bryan_Murray,2
Bryce_Carmine,3
Buck_Rodgers,4
Buddy_Ryan,4
Budd_Schulberg,3
Bud_Selig,4
Buford_Blount,2
Bulent_Ecevit,3
Butch_Davis,2
Byron_Scott,3
Caio_Blat,4
Calbert_Cheaney,2
Calista_Flockhart,2
Calvin_Harrison,2
Cameron_Diaz,4
Camilla_Parker_Bowles,4
Camille_Colvin,2
Camryn_Manheim,4
Candice_Bergen,4
Candie_Kung,2
Carey_Lowell,4
Carina_Lau_Ka-ling,3
Carin_Koch,4
Cari_Davis,2
Carla_Del_Ponte,2
Carla_Gugino,4
Carla_Sullivan,2
Carlos_Alberto_Parreira,4
Carlos_Arroyo,2
Carlos_Beltran,2
Carlos_Bianchi,4
Carlos_De_Abreu,3
Carlos_Ghosn,2
Carlos_Iturgaitz,3
Carlos_Manuel_Pruneda,2
Carlos_Menem,4
Carlos_Moya,2
Carlos_Queiroz,4
Carlos_Quintanilla_Schmidt,2
Carlos_Ruiz,2
Carlos_Salinas,2
Carlos_Vives,4
Carlo_Ancelotti,3
Carlo_Azeglio_Ciampi,4
Carlton_Dotson,2
Carly_Fiorina,4
Carl_Levin,3
Carl_Pope,2
Carl_Reiner,3
Carmen_Electra,4
Carolina_Barco,4
Carolina_Kluft,2
Caroline_Dhavernas,4
Caroline_Kennedy,4
Carolyn_Dawn_Johnson,4
Carolyn_Kuhl,2
Carol_Burnett,4
Carol_Moseley_Braun,4
Carson_Daly,2
Carson_Palmer,2
Casey_Mears,4
Cass_Ballenger,4
Catherine_Bell,2
Catherine_Deneuve,4
Catherine_Donkers,3
Catherine_Woodard,2
Catherine_Zeta-Jones,4
Cathy_Freeman,4
Catriona_Le_May_Doan,2
Cecile_de_France,2
Cecilia_Bolocco,4
Cecilia_Cheung,4
Cedric_Benson,2
Celia_Cruz,3
Celine_Dion,4
Celso_Amorim,3
Celso_Lafer,2
Cesar_Gaviria,2
Cesar_Maia,2
Chadha_Gurinder,3
Chakib_Khelil,2
Chance_Mock,2
Chanda_Rubin,2
Chandrika_Kumaratunga,2
Chang_Dae-whan,3
Chang_Saio-yue,2
Chang_Tso,2
Chan_Gailey,4
Chan_Ho_Park,3
Charla_Moye,2
Charlene_Barshefsky,3
Charles_Bronson,2
Charles_Grassley,4
Charles_Ingram,3
Charles_Lebois,2
Charles_Mathews,2
Charles_Pickering,2
Charles_Schumer,4
Charles_Tannok,2
Charles_Taylor,2
Charley_Armey,2
Charlie_Deane,2
Charlie_Hunnam,4
Charlie_Sheen,3
Charlie_Zaa,4
Charlize_Theron,4
Charlotte_Casiraghi,3
Charlotte_Church,2
Charlotte_Rampling,4
Charmaine_Crooks,3
Chea_Sophara,2
Chelsea_Clinton,4
Chen_Kaige,4
Chen_Liang_Yu,2
Chen_Shui-bian,4
Cherie_Blair,3
Cheryl_Ford,2
Cheryl_Hines,2
Cheryl_Little,2
Cheryl_Tiegs,3
Chick_Hearn,4
Chin-Feng_Chen,3
Chin-Hui_Tsao,2
Chip_Ganassi,4
Chip_Knight,2
Chistian_Stahl,2
Chita_Rivera,4
Chloe_Sevigny,4
Chok_Tong_Goh,4
Christian_Bale,3
Christian_Fittipaldi,4
Christian_Gimenez,2
Christian_Lacroix,2
Christian_Longo,2
Christian_Olsson,2
Christian_Patino,3
Christian_Von_Wernich,2
Christian_Wulff,4
Christina_Aguilera,4
Christine_Arron,4
Christine_Baumgartner,3
Christine_Ebersole,4
Christine_Gregoire,3
Christine_Todd_Whitman,4
Christopher_Patten,3
Christopher_Reeve,4
Christopher_Walken,2
Christopher_Whittle,2
Christoph_Daum,4
Christy_Turlington,4
Chris_Andrews,2
Chris_Byrd,4
Chris_Cirino,2
Chris_Claiborne,2
Chris_Columbus,4
Chris_Cookson,3
Chris_Cooper,4
Chris_Cornell,2
Chris_Crocker,2
Chris_Dodd,4
Chris_Klein,2
Chris_Kolanas,4
Chris_Matthews,4
Chris_Moore,2
Chris_Neil,2
Chris_Noth,3
Chris_Penn,3
Chris_Pronger,4
Chris_Reitsma,3
Chris_Rock,4
Chris_Simon,4
Chris_Swecker,3
Chris_Tucker,4
Chuanyun_Li,2
Chuck_Amato,3
Chuck_Finley,2
Chuck_Hagel,4
Chuck_Woolery,4
Chuck_Yeager,4
Chung_Mong-joon,2
Chyung_Dai-chul,2
Ciaran_Hinds,4
Cindy_Crawford,2
Cindy_Margolis,4
Ciro_Gomes,4
Claire_Danes,4
Claire_Leger,2
Clara_Harris,4
Clare_Latimer,2
Clare_Short,3
Claudette_Robinson,4
Claude_Jorda,4
Claudia_Cardinale,4
Claudia_Pechstein,4
Claudia_Schiffer,4
Claudine_Farrell,2
Claudio_Abbado,4
Claudio_Lopez,3
Claudio_Ranieri,4
Clay_Aiken,3
Clifford_Robinson,2
Cliff_Ellis,2
Clint_Eastwood,4
Clint_Howard,3
Clive_Lloyd,4
Coco_dEste,2
Coleen_Rowley,3
Colin_Cowie,4
Colin_Farrell,4
Colin_Jackson,3
Colin_Montgomerie,3
Colin_Powell,4
Colin_Prescot,4
Colleen_Atwood,3
Colleen_Jones,4
Colleen_Ryan,2
Collis_Temple_III,2
Columba_Bush,2
Compay_Segundo,2
Conan_OBrien,4
Conchita_Martinez,4
Condoleezza_Rice,4
Connie_Chung,4
Connie_Freydell,2
Conrad_Black,4
Constance_Marie,4
Coretta_Scott_King,3
Corey_Maggette,2
Corinna_Harfouch,4
Corinne_Coman,4
Corliss_Williamson,4
Costas_Simitis,2
Courtney_Cox,4
Courtney_Love,4
Craig_Burley,4
Craig_David,4
Craig_Fitzgibbon,2
Craig_Morgan,3
Crispin_Glover,4
Cristiano_da_Matta,3
Cristian_Barros,3
Cristina_Kirchner,4
Cristina_Saralegui,2
Cristina_Torrens_Valero,2
Cuba_Gooding_Jr,2
Curtis_Joseph,4
Curtis_Strange,3
Curt_Weldon,3
Cyndi_Thompson,4
Cynthia_Nixon,4
Cynthia_Rowley,3
Dai_Bachtiar,2
Dai_Chul_Chyung,2
Daja_Bedanova,2
Dalai_Lama,4
Dale_Earnhardt,3
Dale_Earnhardt_Jr,4
Damon_Stoudamire,4
Damon_van_Dam,2
Dana_Vollmer,2
DAngelo_Jimenez,3
Daniela_Cicarelli,4
Daniele_Hypolito,2
Daniele_Nardello,2
Danielle_Spencer,4
Daniell_Sunjata,3
Daniel_Barenboim,4
Daniel_Bruehl,3
Daniel_Coats,3
Daniel_Day-Lewis,3
Daniel_Kurtzer,4
Daniel_Montenegro,3
Daniel_Ortega,4
Daniel_Osorno,2
Daniel_Patrick_Moynihan,4
Daniel_Pearl,3
Daniel_Radcliffe,4
Daniel_Scioli,4
Daniel_Zelman,2
Danis_Tanovic,4
Danny_Ainge,4
Danny_Elfman,2
Danny_Glover,4
Danny_Green,4
Danny_Morgan,2
Dany_Heatley,2
Dan_Ackroyd,3
Dan_Bartlett,3
Dan_Bylsma,2
Dan_Dickau,2
Dan_Duquette,3
Dan_Guerrero,2
Dan_Kellner,2
Dan_Monson,4
Dan_Morales,2
Dan_Quayle,3
Dan_Reeves,4
Dan_Snyder,3
Dan_Wheldon,4
Darcy_Regier,4
Darin_Erstad,4
Dario_Franchitti,4
Dariusz_Michalczewski,2
Darko_Milicic,2
Darla_Moore,3
Darrell_Issa,4
Darrell_Porter,3
Darrell_Royal,2
Darren_Campel,2
Darren_Clarke,2
Darryl_McDaniels,4
Daryl_Hannah,4
Daryl_Jones,3
Daryl_Parks,2
Daryl_Sabara,3
Davey_Johnson,4
Dave_Barr,2
Dave_Campo,4
Dave_Lewis,2
Dave_Matthews,4
Dave_McGinnis,2
Dave_Ragone,4
Dave_Wannstedt,4
Dave_Williams,2
David_Alpay,2
David_Arquette,2
David_Beckham,4
David_Bisbal,4
David_Blaine,4
David_Bowie,4
David_Braley,4
David_Brinkley,4
David_Canary,4
David_Caraway,2
David_Carradine,4
David_Caruso,4
David_Collenette,2
David_Coulthard,4
David_Dewhurst,3
David_Dodge,2
David_Dorfman,3
David_Duke,2
David_Duval,2
David_Eldon,4
David_Gest,2
David_Hasselhoff,4
David_Heymann,2
David_Heyman,4
David_Ho,2
David_Hyde_Pierce,3
David_Kelley,2
David_McCallum,4
David_McCullough,2
David_McKiernan,4
David_Millar,2
David_Montoya,2
David_Nalbandian,3
David_Obey,2
David_Rivkin_Jr,4
David_Scott_Morris,2
David_Shayler,2
David_Spade,4
David_Stern,2
David_Suazo,2
David_Trimble,4
David_Welch,2
David_Wells,4
David_Wolf,2
David_Zeplowitz,2
Davis_Love_III,4
Dawn_Staley,4
Dean_Barker,2
Dean_Barkley,2
Dean_Sheremet,4
Debbie_Allen,4
Debbie_Reynolds,4
Debra_Brown,2
Debra_Messing,4
Debra_Shank,2
Debra_Yang,4
Deepa_Mehta,4
Delphine_Chuillot,4
Demetrius_Ferraciu,2
Demi_Moore,4
Denise_van_Outen,4
Denis_Coderre,2
Denis_Fassou-Nguesso,3
Deniz_Baykal,4
Dennis_Archer,3
Dennis_Erickson,4
Dennis_Franchione,2
Dennis_Hastert,4
Dennis_Johnson,4
Dennis_Kozlowski,2
Dennis_Kucinich,2
Dennis_Miller,2
Dennis_Powell,2
Denys_Arcand,4
Denzel_Washington,4
Dereck_Whittenburg,3
Derek_Jeter,4
Derek_Lowe,4
Derian_Hatcher,2
Derrick_Battie,2
Derrick_Rodgers,2
Devin_Harris,2
Dexter_Jackson,3
Diana_Krall,2
Diana_Ross,4
Diana_Taurasi,4
Diana_Taylor,3
Diane_Ladd,3
Diane_Lane,4
Dianne_Feinstein,2
Dianne_Reeves,2
Dick_Armey,3
Dick_Bennett,2
Dick_Clark,2
Dick_Jauron,4
Dick_Posthumus,4
Dick_Smothers,2
Dick_Vermeil,4
Didier_Defago,2
Diego_Armando_Maradona,4
Diego_Colorado,2
Diego_Diego_Lerman,3
Dieter_Holzer,3
Dieter_Zetsche,3
Dimitar_Berbatov,4
Dinah_Turner,3
Dino_de_Laurentis,3
Dino_Risi,3
Dionne_Warwick,4
Dirk_Kempthorne,3
Dita_Von_Tesse,2
Doc_Rivers,3
Dolly_Parton,2
Dominick_Dunne,2
Dominic_Monaghan,4
Dominik_Garcia_Lorido,2
Dominik_Hrbaty,2
Dominique_de_Villepin,2
Dominique_Perben,3
Donald_Anderson,2
Donald_Carty,2
Donald_Evans,3
Donald_Keck,2
Donald_Keyser,2
Donald_Pettit,4
Donald_Regan,2
Donald_Rumsfeld,4
Donald_Trump,4
Donatella_Versace,2
Donna_Brazile,4
Donna_Morrissey,2
Donna_Ralston,2
Donna_Shalala,3
Donny_Osmond,4
Don_Flanagan,2
Don_Henley,4
Don_Hewitt,3
Don_King,3
Don_Lake,3
Don_Matthews,2
Don_Meredith,3
Don_Nickles,3
Don_Siegelman,4
Dora_Bakoyianni,3
Doris_Roberts,4
Doris_Schroeder,3
Dorothy_Lamour,2
Dorothy_Loudon,4
Dorthy_Moxley,4
Dot_Helms,2
Douglas_Gansler,2
Doug_Christie,4
Doug_Collins,4
Doug_Duncan,2
Doug_Moe,4
Doug_Wilson,3
Dragan_Covic,4
Drew_Barrymore,4
Drew_Bledsoe,2
Drew_Gooden,3
Duane_Lee_Chapman,2
Dule_Hill,4
Dunn_Lampton,2
Dustin_Brown,3
Dustin_Hoffman,4
Dusty_Baker,4
Du_Qinglin,2
Dwain_Kyles,2
Dwayne_Johnson,2
Dwayne_Wade,2
Dyab_Abou_Jahjah,4
Dyana_Calub,2
Earl_Campbell,3
Earl_Scruggs,4
Eddie_Compass,2
Eddie_Fenech_Adami,2
Eddie_Jordan,3
Eddie_Lewis,2
Eddie_Murray,4
Eddie_Sutton,4
Eddy_Merckx,2
Edgar_Savisaar,3
Edie_Falco,4
Edith_Masai,2
Edmund_Hillary,4
Edmund_Stoiber,2
Edouard_Michelin,2
Eduardo_Chillida,2
Eduardo_Duhalde,4
Eduardo_Romero,2
Eduard_Limonov,4
Eduard_Shevardnadze,2
Edward_Albee,2
Edward_Arsenault,2
Edward_Egan,3
Edward_Flynn,3
Edward_Greenspan,2
Edward_James_Olmos,2
Edward_Johnson,2
Edward_Kennedy,4
Edward_Lu,2
Edward_Norton,4
Edward_Said,3
Edward_Seaga,3
Edwina_Currie,2
Edwin_Edwards,4
Ed_Case,3
Ed_Rosenthal,2
Ed_Smart,4
Ed_Sullivan,2
Efrain_Rios_Montt,4
Eileen_Coparropa,2
Einars_Repse,2
Elaine_Chao,3
Elaine_Stritch,4
Elena_Bereznaya,2
Elena_Bovina,2
Elena_Dementieva,2
Elena_Likhovtseva,3
Elena_Tihomirova,2
Elgin_Baylor,4
Eliane_Karp,4
Elijah_Wood,4
Elinor_Caplan,4
Elin_Nordegren,2
Eliott_Spitzer,2
Elisabeth_Schumacher,2
Elisabeth_Welch,4
Elisha_Cuthbert,4
Elizabeth_Berkeley,4
Elizabeth_Hurley,4
Elizabeth_Pena,4
Elizabeth_Shue,3
Elizabeth_Smart,4
Elizabeth_Taylor,2
Eliza_Dushku,4
Eliza_Manningham-Buller,2
Eli_Broad,2
Eli_Stutsman,2
Ellen_Barkin,4
Ellen_DeGeneres,4
Ellen_Engleman,2
Ellen_MacArthur,4
Ellen_Pompeo,4
Ellen_Saracini,4
Elmar_Brok,3
Elodie_Bouchez,4
Eloy_Gutierrez,3
Elsa_Zylberstein,4
Elton_John,3
Elva_Hsiao,4
Elvis_Costello,3
Elvis_Presley,4
Elvis_Stojko,2
El_Hadji_Diouf,2
Emanuel_Ginobili,4
Emile_Lahoud,4
Emilio_Botin,3
Emily_Mortimer,2
Emily_Robison,4
Eminem,2
Emmanuelle_Beart,4
Emmanuel_Filiberto,4
Emmanuel_Milingo,2
Emma_Thompson,4
Emma_Watson,4
Emmit_Smith,2
Emmy_Rossum,2
Enos_Slaughter,4
Enrica_Fico,4
Enrik_Vendt,4
Enrique_Bolanos,2
Enrique_Oliu,2
Erick_Barkley,2
Eric_Bana,2
Eric_Benet,2
Eric_Christian_Olsen,4
Eric_Clapton,4
Eric_Fehr,3
Eric_Hinske,4
Eric_Idle,4
Eric_Lindros,3
Eric_Lloyd,2
Eric_Rosser,3
Eric_Shinseki,3
Eric_Snow,4
Eric_Staal,2
Eric_Vigouroux,2
Eric_Wedge,2
Erika_Christensen,4
Erika_Harold,2
Eriko_Tamura,2
Erik_Morales,3
Erin_Brockovich,4
Erin_Hershey_Presley,4
Ernesto_Zedillo,3
Ernest_Hollings,4
Ernie_Els,4
Ernie_Eves,2
Ernie_Fletcher,3
Ernie_Grunfeld,2
Ernie_Harwell,2
Ernie_Preate,3
Ernie_Stewart,2
Erskine_Bowles,2
Estella_Warren,4
Estelle_Morris,4
Ester_Canadas,4
Ethan_Hawke,4
Etta_James,4
Eugene_Melnyk,4
Eunice_Barber,2
Evander_Holyfield,2
Evan_Marriott,4
Evan_Rachel_Wood,4
Eva_Herzigova,2
Eva_Marie_Saint,4
Eva_Mendes,2
Evelyn_Lauder,4
Eve_Ensler,3
Eve_Pelletier,4
Evgeni_Plushenko,4
Ewan_McGregor,4
E_Clay_Shaw,3
Fabian_Vargas,4
Fabiola_Zuluaga,2
Fabrice_Santoro,3
Fabricio_Oberto,3
Faisal_Iqbal,2
Faisal_Saleh_Hayat,4
Fann_Wong,2
Fatmir_Limaj,4
Faye_Dunaway,3
Fayssal_Mekdad,3
Fazal-ur-Rehman,2
Federico_Castelan_Sayre,2
Federico_Fellini,4
Federico_Trillo,2
Feliciano_Lopez,3
Felicity_Huffman,2
Felipe_De_Borbon,4
Felipe_Perez_Roque,2
Felix_Mantilla,3
Felix_Sanchez,2
Felix_Trinidad,4
Fernando_Alonso,4
Fernando_Gonzalez,4
Fernando_Henrique_Cardoso,4
Fernando_Hierro,4
Fernando_Leon_de_Aranoa,2
Fernando_Sanz,3
Fernando_Valenzuela,3
Fernando_Vargas,3
Festus_Mogae,4
Fidel_Castro,3
Fidel_Castro_Daiz-Balart,2
Filippo_Inzaghi,2
Filippo_Volandri,3
Filip_De_Winter,4
Flavia_Delaroli,2
Flavia_Pennetta,2
Florencia_Macri,2
Floyd_Keith,2
Floyd_Mayweather,2
Francesco_Totti,2
Frances_Fisher,4
Francisco_Flores,2
Francisco_Garcia,2
Francisco_Maturana,4
Francisco_Santos,2
Francis_Collins,4
Francis_Crick,3
Francis_Ford_Coppola,4
Francis_George,2
Francis_Mer,2
Francis_Ricciardone,3
Franck_Cerutti,2
Francois_Ozon,3
Francois_Pienaar,2
Franco_Cangele,2
Franco_Dragone,2
Franco_Frattini,4
Franko_Simatovic,2
Frank_Abagnale_Jr,3
Frank_Beamer,4
Frank_Coraci,3
Frank_Griswold,3
Frank_Hilldrup,2
Frank_Lautenberg,4
Frank_Marshall,4
Frank_Murkowski,4
Frank_Pallone,2
Frank_Schmoekel,3
Frank_Sinatra,2
Frank_Stallone,3
Frank_Taylor,2
Frank_Wycheck,4
Franz_Beckenbauer,4
Franz_Fischler,4
Franz_Muentefering,3
Fran_Drescher,2
Freda_Black,2
Freddy_Garcia,3
Frederique_van_der_Wal,4
Fredric_Seaman,2
Fred_Durst,3
Fred_Eckhard,2
Fred_Rogers,2
Fred_Thompson,2
Fred_Wilpon,3
Fruit_Chan,2
Fujio_Cho,2
Fujio_Mitarai,3
Gabi_Zimmer,2
Gabrielle_Rose,2
Gabrielle_Union,2
Gabriel_Batistuta,4
Gabriel_Farhi,3
Gabriel_Valdes,4
Gael_Garcia_Bermal,4
Gala_Leon_Garcia,2
Galen_Rowell,2
Gao_Qiang,2
Garry_Kasparov,2
Garry_McCoy,3
Garry_Trudeau,3
Garry_Witherall,2
Garth_Drabinsky,4
Gary_Bauer,3
Gary_Bergeron,2
Gary_Bettman,4
Gary_Carter,2
Gary_Condit,4
Gary_Dellaverson,3
Gary_Doer,2
Gary_Forsee,3
Gary_Gitnick,2
Gary_Leon_Ridgway,3
Gary_Locke,2
Gary_Marshall,2
Gary_Sayler,2
Gary_Sinise,4
Gary_Stevens,4
Gary_Winnick,4
Gaston_Gaudio,2
Gavin_Degraw,4
Gavyn_Davies,2
Gene_Autry,2
Gene_Hackman,4
Gene_Keady,3
Gene_Orza,2
Gene_Robinson,2
Gene_Sauers,4
Gennifer_Flowers,2
Geno_Auriemma,4
Geoffrey_Rush,4
Geoff_Dixon,2
Geoff_Hoon,4
George_Allen,2
George_Blaney,2
George_Bovell,2
George_Clooney,4
George_Foreman,4
George_Galloway,4
George_Gregan,4
George_Harrison,3
George_HW_Bush,3
George_Karl,2
George_Lopez,4
George_Lucas,4
George_Maxwell_Richards,4
George_McCloud,2
George_Murphy,2
George_Pataki,2
George_P_Bush,3
George_Robertson,2
George_Roy_Hill,3
George_Ryan,4
George_Tenet,3
George_Voinovich,4
George_W_Bush,4
Georgi_Parvanov,4
Geovani_Lapentti,2
Geraldine_Chaplin,3
Geraldo_Rivera,4
Gerald_Barbarito,2
Gerald_Fitch,2
Gerald_Ford,4
Gerald_Riley,2
Gerard_Butler,4
Gerard_Depardieu,4
Gerard_de_Cortanze,4
Gerard_Kleisterlee,4
Gerhard_Schroeder,3
German_Khan,4
Gerrit_Zalm,4
Gerry_Adams,3
Gerry_Kelly,4
Gerry_Parsky,2
Ghassan_Elashi,3
Gholamreza_Aghazadeh,2
Giancarlo_Fisichella,2
Gianna_Angelopoulos-Daskalaki,2
Giannina_Facio,3
Gianni_Agnelli,4
Gian_Marco,2
Gideon_Yago,3
Gilberto_Rodriguez_Orejuela,4
Gilles_Panizzi,4
Gillian_Anderson,4
Gil_Cates,2
Gil_de_Ferran,4
Gina_Centrello,3
Gina_Gershon,4
Gina_Lollobrigida,4
Gina_Torres,4
Gisele_Bundchen,3
Giulietta_Masina,3
Giulio_Andreotti,3
Giuseppe_Gibilisco,4
Giuseppe_Morchio,2
Glafcos_Clerides,4
Glenn_Plummer,4
Glenn_Rivers,4
Glenn_Tilton,3
Glen_Clark,3
Glen_Sather,4
Gloria_Allred,4
Gloria_Gaynor,2
Gloria_Macapagal_Arroyo,3
Gloria_Trevi,3
GL_Peiris,4
Goh_Kun,4
Goldie_Hawn,3
Gong_Li,4
Gong_Ruina,4
Gonzalo_Barrientos,4
Gonzalo_Sanchez_de_Lozada,4
Goran_Persson,4
Gordana_Grubin,2
Gorden_Tallis,2
Gordon_Brown,4
Gordon_Campbell,2
Gordon_Cooper,3
Gordon_Lightfoot,4
Gordon_McDonald,2
Gore_Verbinski,4
Gore_Vidal,4
Grace_Kelly,3
Graciano_Rocchigiani,4
Gracia_Burnham,2
Grady_Irvin_Jr,2
Grady_Little,2
Graeme_Lloyd,3
Graeme_Smith,4
Grant_Hackett,4
Grant_Rossenmeyer,3
Gray_Davis,2
Gregg_Berhalter,2
Gregg_Popovich,4
Gregorio_Honasan,2
Gregorio_Rosal,2
Gregory_Geoffroy,4
Gregory_Hines,4
Gregory_Peck,3
Gregor_Gysi,3
Greg_Ostertag,3
Greg_Owen,3
Greg_Rusedski,2
Gretchen_Mol,4
Gro_Harlem_Brundtland,4
Guangdong_Ou_Guangyuan,2
Guenter_Verheugen,3
Guido_Westerwelle,3
Guillaume_Depardieu,4
Guillaume_Soro,2
Guillermo_Canas,4
Guillermo_Coria,4
Gunilla_Backman,3
Gustavo_Cisneros,2
Gustavo_Franco,4
Gustavo_Kuerten,4
Gustavo_Noboa,2
Gus_Frerotte,3
Guus_Hiddink,4
Guy_Hemmings,4
Guy_Ritchie,4
Guy_Verhofstadt,4
Gwendal_Peizerat,4
Gwen_Stefani,2
Gwyneth_Paltrow,2
Halle_Berry,2
Hal_Gehman,2
Hal_McCoy,2
Hal_Sellers,2
Hal_Sutton,4
Hamad_Bin_Isa_al-Khalifa,4
Hamad_Bin_Jassim,4
Hama_Arba_Diallo,2
Hamid_Karzai,2
Hamid_Reza_Asefi,2
Hamzah_Haz,4
Hanan_Ashrawi,4
Hana_Makhmalbaf,2
Hana_Sadiq,2
Hana_Urushima,2
Hank_Aaron,4
Hank_Azaria,2
Hank_McKinnell,2
Hank_Stram,2
Hannah_Stockbauer,2
Hanns_Schumacher,4
Hans_Blix,2
Hans_Corell,4
Hans_Eichel,3
Hans_Peter_Briegel,4
Harald_Ringstorff,2
Harbhajan_Singh,4
Harland_Braun,2
Harold_Scott,2
Harrison_Ford,4
Harry_Belafonte,4
Harry_Kalas,3
Hartmut_Mehdorn,4
Harvey_Fierstein,4
Harvey_Wachsman,3
Harvey_Weinstein,4
Hasan_Wirayuda,4
Hashim_Thaci,4
Hassanal_Bolkiah,3
Hassan_Nasrallah,4
Hassan_Wirajuda,4
Haydar_Aliyev,3
Hayden_Panettiere,4
Hayley_Tullett,2
Heather_Locklear,4
Heather_Mills,4
Heather_Whitestone_McCallum,2
Heather_Willson,3
Heath_Ledger,4
Hector_Babenco,4
Hee-Won_Han,2
Heidi_Fleiss,2
Heidi_Klum,4
Heizo_Takenaka,2
Helen_Alvare,4
Helen_Clark,4
Helen_Darling,2
Helio_Castroneves,2
Helio_Rubens_Garcia,4
Helo_Pinheiro,2
Henk_Bekedam,4
Henning_Scherf,2
Henrique_Meirelles,2
Henri_Proglio,3
Henry_Castellanos,2
Henry_Hyde,2
Henry_Kissinger,3
Henry_Suazo,2
Herbert_Haupt,4
Herbie_Hancock,3
Herb_Brooks,4
Herb_Sendek,4
Hermann_Maier,3
Herman_Edwards,3
Herman_Moore,2
Hermes_Gamonal,2
Hermogenes_Ebdane_Jr,3
Hernan_Crespo,2
Hernan_Diaz,4
Herta_Daeubler_Gmelin,4
Hideki_Matsui,4
Hideki_Sato,2
Hidetoshi_Nakata,4
Hikmat_al-Azzawi,2
Hilary_Duff,4
Hilary_McKay,3
Hillary_Clinton,4
Hilmi_Ozkok,3
Hipolito_Mejia,4
Hisao_Oguchi,2
Hisashi_Owada,4
Hitomi_Soga,3
Hitoshi_Tanaka,2
Holly_Hunter,4
Holly_Robinson_Peete,4
Hong_Myung,4
Hootie_Johnson,2
Horace_Newcomb,2
Horacio_Julio_Pina,2
Horst_Koehler,2
Hosni_Mubarak,4
Howard_Dean,4
Howard_Schultz,4
Howard_Stern,4
Howard_Stringer,2
Howard_Wilkinson,2
Hrithik_Roshan,4
Hubert_Green,3
Hubie_Brown,2
Hugh_Campbell,2
Hugh_Carey,3
Hugh_Grant,3
Hugh_Hefner,4
Hugh_Jessiman,4
Hugo_Chavez,4
Hugo_Colace,3
Hugo_Conte,3
Humberto_Coelho,4
Humberto_Espinoza,2
Hunter_Kemper,2
Hun_Sen,4
Hushiar_Zebari,4
Hutomo_Mandala_Putra,4
Hu_Jintao,3
Iain_Duncan_Smith,2
Ian_Gillan,3
Ian_Huntley,3
Ian_McKellen,3
Ian_Moran,3
Ian_Smith,4
Ian_Thorpe,4
Ian_Wilmut,2
Iban_Mayo,3
Ibrahim_Al-Marashi,2
Ibrahim_Rugova,4
Idi_Amin,3
Ignatius_Wang,2
Igor_Ivanov,4
Ilan_Goldfajn,4
Ilan_Ramon,4
Ilie_Nastase,4
Imam_Samudra,3
Imelda_Marcos,4
Imran_Khan,4
Imre_Kertasz,2
Inam-ul-Haq,2
Infanta_Cristina,4
Ingrid_Betancourt,4
Inocencio_Arias,3
Ion_Iliescu,4
Ion_Tiriac,3
Ira_Einhorn,2
Irina_Lobacheva,2
Irv_Nathan,2
Isabela_Moraes,2
Isabella_Rossellini,4
Isabelle_Huppert,4
Isaiah_Washington,4
Isidro_Pastor,2
Islam_Karimov,4
Ismael_Miranda,2
Ismail_Abu_Shanab,4
Ismail_Cem,3
Ismail_Khan,2
Ismail_Merchant,2
Itzhak_Perlman,2
Ivana_Trump,4
Ivan_Helguera,3
Ivan_Shvedoff,3
Ivan_Stambolic,4
Iva_Majoli,4
Iveta_Benesova,4
Jaap_de_Hoop_Scheffer,4
Jackie_Chan,4
Jackie_Dennis,2
Jackie_Sherrill,3
Jacky_Cheung,3
Jack_Grubman,2
Jack_LaLanne,4
Jack_Nicholson,4
Jack_Straw,4
Jack_Valenti,2
Jack_Welch,4
Jacob_Frenkel,2
Jacqueline_Gold,2
Jacqueline_Obradors,2
Jacques_Chirac,4
Jacques_Kallis,4
Jacques_Rogge,4
Jacques_Villeneuve,4
Jada_Pinkett_Smith,4
Jade_Jagger,4
Jafar_Umar_Thalib,3
Jaime_Pressly,4
Jake_Brace,2
Jake_Plummer,4
Jalal_Talabani,4
Jalen_Rose,4
James_Baker,3
James_Barksdale,4
James_Brosnahan,2
James_Brown,4
James_Butts,2
James_Caan,3
James_Cameron,4
James_Carville,4
James_Coburn,4
James_Comey,4
James_Cunningham,2
James_Dingemans,2
James_Franco,4
James_Gandolfini,4
James_Gibson,4
James_Hakett,4
James_Hallock,2
James_Hoffa,4
James_Ivory,3
James_Kirtley,3
James_Kopp,4
James_McGreevey,4
James_McMahon,2
James_Meeks,2
James_Meredeth,3
James_Murdoch,3
James_Phelps,4
James_Robertson_Jr,2
James_Sensenbrenner,2
James_Traficant,4
James_Wattana,3
James_Watt,2
James_Wolfensohn,2
Jamie_Carey,2
Jamie_Dimon,4
Jamie_Kellner,2
Jamie_King,4
Jamie_Lee_Curtis,4
Jamie_Olis,2
Jamir_Miller,4
Jamling_Norgay,2
Jan-Michael_Gambill,4
Jana_Henke,2
Janette_Husarova,2
Janet_Chandler,3
Janet_Horvath,2
Janet_Leigh,3
Janet_Napolitano,4
Janet_Thorpe,2
Janez_Drnovsek,3
Jane_Fonda,2
Jane_Kaczmarek,4
Jane_Krakowski,4
Jane_Leeves,4
Jane_Pauley,3
Jane_Russell,4
Janica_Kostelic,2
Janine_Pietsch,4
Janusz_Kaminski,4
Jan_Bjoerklund,2
Jan_De_Bont,2
Jan_Petersen,2
Jan_Peter_Balkenende,3
Jan_Pronk,2
Jan_Ullrich,4
Jan_van_Breda_Kolff,2
Jaouad_Gharib,3
Jaromir_Jagr,4
Jason_Alexander,4
Jason_Bentley,2
Jason_Biggs,4
Jason_Campbell,4
Jason_Gardner,2
Jason_Keep,2
Jason_Kidd,4
Jason_Lezak,4
Jason_Mewes,2
Jason_Petty,2
Jason_Priestley,4
Jason_Sehorn,4
Jason_Statham,4
Jason_Vale,2
Javier_Bardem,4
Javier_Camara,2
Javier_Saviola,4
Javier_Solana,3
Javier_Vazquez,4
Javier_Weber,3
Javier_Zanetti,3
Jayson_Williams,3
Jay_Garner,2
Jay_Leno,2
Jay_Rasulo,3
JC_Chasez,4
Jean-Claude_Braquet,2
Jean-Claude_Juncker,4
Jean-Claude_Trichet,4
Jean-Claude_Van_Damme,4
Jean-David_Levitte,2
Jean-Francois_Pontal,2
Jean-Luc_Bideau,2
Jean-Marc_de_La_Sabliere,4
Jean-Patrick_Nazon,4
Jean-Pierre_Raffarin,2
Jean-Rene_Fourtou,4
Jean-Sebastien_Giguere,4
Jeanette_Gray,4
Jeane_Kirkpatrick,2
Jeannette_Biedermann,4
Jeanne_Moreau,3
Jean_Charest,4
Jean_Chretien,4
Jean_Todt,3
Jeb_Bush,3
Jefferson_Perez,4
Jeffrey_Archer,3
Jeffrey_Donaldson,4
Jeffrey_Immelt,3
Jeffrey_Jones,3
Jeffrey_Katzenberg,2
Jeff_Bridges,4
Jeff_Bzdelik,4
Jeff_George,3
Jeff_Hornacek,3
Jeff_Van_Gundy,4
Jelena_Dokic,4
Jenna_Elfman,4
Jennette_Bradley,2
Jennie_Finch,2
Jennie_Garth,4
Jennifer_Aniston,3
Jennifer_Capriati,2
Jennifer_Connelly,4
Jennifer_Garner,4
Jennifer_Granholm,4
Jennifer_Gratz,2
Jennifer_Lopez,3
Jennifer_Love_Hewitt,2
Jennifer_McCoy,2
Jennifer_Murray,2
Jennifer_Pena,4
Jennifer_Reilly,4
Jennifer_Rodriguez,2
Jennifer_Tilly,4
Jens_Lehmann,4
Jen_Schefft,4
Jeremy_Fogel,2
Jeremy_Gompertz,2
Jeremy_Greenstock,3
Jeremy_Shockey,3
Jeremy_Wotherspoon,3
Jeri_Ryan,2
Jerome_Golmard,4
Jerry_Bruckheimer,4
Jerry_Colangelo,4
Jerry_Falwell,4
Jerry_Hall,4
Jerry_Jones,2
Jerry_Lewis,4
Jerry_McEntee,2
Jerry_Rice,4
Jerry_Seinfeld,4
Jerry_Sloan,2
Jerry_Springer,4
Jerry_Tarkanian,2
Jesper_Parnevik,3
Jesse_Harris,3
Jesse_Helms,4
Jesse_Jackson,4
Jesse_James_Leija,2
Jesse_Ventura,4
Jessica_Biel,2
Jessica_Capshaw,4
Jessica_Lange,4
Jessica_Lynch,4
Jessica_Simpson,4
Jewel_Howard-Taylor,4
Jiang_Zemin,2
Jia_Qinglin,2
Jimmy_Carter,3
Jimmy_Gobble,3
Jimmy_Gurule,2
Jimmy_Kimmel,2
Jimmy_Smits,4
Jim_Abbott,2
Jim_Beattie,4
Jim_Bollman,2
Jim_Bunning,4
Jim_Calhoun,2
Jim_Cantalupo,2
Jim_Carrey,3
Jim_Doyle,3
Jim_Edmonds,3
Jim_Fassel,4
Jim_Flaherty,4
Jim_Furyk,2
Jim_Harrick,4
Jim_Haslett,3
Jim_Hendry,2
Jim_Jeffords,4
Jim_Kelly,4
Jim_Leach,2
Jim_Letten,4
Jim_Otto,3
Jim_Parque,4
Jim_Ryan,2
Jim_Talent,3
Jim_Thome,4
Jim_Tressel,4
Jim_Wong,2
Jim_Zorn,4
Jiri_Novak,3
JJ_Redick,4
JK_Rowling,4
Joanna_Poitier,4
Joanne_Woodward,3
Joan_Claybrook,3
Joan_Collins,4
Joan_Dangerfield,4
Joan_Jett,4
Joan_Laporta,4
Joao_Rocha,2
Joaquim_Levy,3
Joaquim_Rodriguez,2
Joaquin_Phoenix,4
Joaquin_Sanchez,4
Job_Cohen,3
Jodie_Foster,4
Jodie_Henry,2
Jodie_Kidd,4
Joel_Gallen,4
Joerg_Haider,4
Joey_Buttafuoco,3
Joey_Mantia,4
Joe_Calzaghe,4
Joe_Carnahan,2
Joe_Crede,2
Joe_DeLamielleure,2
Joe_Dumars,4
Joe_Gatti,4
Joe_Lieberman,3
Joe_Mantegna,4
Joe_Mantello,4
Joe_Nichols,4
Joe_Pantoliano,2
Joe_Paterno,4
Joe_Plumeri,2
Joe_Strummer,2
Joe_Torre,2
Joe_Vandever,2
Johannes_Rau,2
Johan_Bruyneel,4
Johnny_Benson,4
Johnny_Carson,4
Johnny_Depp,4
Johnny_Hallyday,4
Johnny_Tapia,2
Johnny_Unitas,4
Johnson_Panjaitan,2
John_Abizaid,4
John_Allen_Muhammad,3
John_Ashcroft,3
John_Baldacci,3
John_Belushi,4
John_Bolton,3
John_Bond,2
John_Burkett,4
John_Coomber,3
John_Cornyn,2
John_Cusack,4
John_Danforth,3
John_Edwards,2
John_Elway,3
John_Engler,2
John_Fenn,3
John_Ferguson,2
John_Franco,3
John_F_Kennedy_Jr,2
John_Garamendi,4
John_Gruden,4
John_Hartson,3
John_Henry,2
John_Herrington,3
John_Howard,2
John_Jumper,3
John_Kerry,4
John_Leguizamo,4
John_Lennon,4
John_Lithgow,4
John_Lynch,4
John_Mabry,2
John_Madden,3
John_Malkovich,4
John_Manley,4
John_Marburger,3
John_Mayer,2
John_McCain,4
John_McEnroe,4
John_Nash,2
John_Negroponte,4
John_Norquist,3
John_Paul_DeJoria,4
John_Paul_II,2
John_Philip_Elkann,2
John_Prescott,4
John_Reid,4
John_Reilly,2
John_Robbins,3
John_Rowland,4
John_Ruiz,2
John_Rusnak,2
John_Salazar,2
John_Scarlett,2
John_Stallworth,3
John_Starks,3
John_Stockton,4
John_Sweeney,2
John_Swofford,2
John_Timoney,4
John_Travolta,4
John_Tyson,4
John_Velazquez,4
John_Walsh,3
John_Warner,2
John_Wayne,4
John_Williams,4
John_Wright,2
Jonathan_Arden,2
Jonathan_Byrd,2
Jonathan_Karsh,4
Jonathan_Mostow,4
Jonathan_Woodgate,4
Jon_Corzine,2
Jon_Gruden,2
Jon_Kitna,4
Jon_Stewart,3
Jon_Voight,4
Jorge_Arce,3
Jorge_Batlle,4
Jorge_Castaneda,4
Jorge_Moreno,2
Jorge_Quiroga,4
Jorge_Valdano,3
Jorma_Huhtala,2
Joschka_Fischer,3
Joseph_Biden,3
Joseph_Blatter,4
Joseph_Deiss,4
Joseph_Estrada,4
Joseph_Fiennes,4
Joseph_Ganim,4
Joseph_Kabila,2
Joseph_Nacchio,4
Joseph_Ralston,2
Joseph_Safra,4
Jose_Bove,4
Jose_Canseco,4
Jose_Carlo_Fernandez,4
Jose_Carreras,4
Jose_Dirceu,2
Jose_Genoino,3
Jose_Jose,3
Jose_Lina,2
Jose_Luis_Chilavert,3
Jose_Luis_Rodriguez_Zapatero,4
Jose_Luis_Santiago_Vasconcelos,2
Jose_Manuel_Durao_Barroso,2
Jose_Maria_Aznar,4
Jose_Miguel_Aleman,4
Jose_Mourinho,4
Jose_Santos,2
Jose_Sarney,4
Jose_Serra,3
Jose_Theodore,2
Jose_Vicente_Rangel,2
Jose_Viegas_Filho,2
Jose_Woldenberg,4
Joshua_Gracin,2
Josh_Childress,4
Josh_Kronfeld,3
Joxel_Garcia,3
Joy_Bryant,2
Jo_Dee_Messina,4
JT_Snow,2
Juanes,4
Juan_Antonio_Samaranch,4
Juan_Carlos,4
Juan_Carlos_Ferrero,4
Juan_Francisco_Palencia,2
Juan_Ignacio_Chela,4
Juan_Manuel_Marquez,4
Juan_Pablo_Montoya,3
Juan_Roman_Carrasco,2
Juan_Roman_Riquelme,2
Juan_Valencia_Osorio,2
Jude_Law,4
Judith_Nathan,2
Judi_Dench,3
Judi_Patton,2
Judy_Genshaft,2
Juergen_Schrempp,3
Juergen_Trittin,3
Jules_Asner,4
Julianna_Margulies,4
Julianne_Moore,4
Julian_Fantino,4
Julia_Glass,4
Julia_Ormond,3
Julia_Tymoshenko,2
Julien_Boutter,2
Juliette_Binoche,4
Juliette_Lewis,4
Julie_Andrews,4
Julie_Gerberding,4
Julie_Goodenough,2
Julie_Taymor,3
Julio_Cesar_Chavez,2
Julio_Cesar_Franco,2
Julio_Iglesias_Jr,4
Julio_Rossi,4
Julio_Toro,3
Julius_Erving,3
Juljia_Vysotskij,2
Junichiro_Koizumi,3
Junichi_Inamoto,2
Junko_Tabei,4
Justine_Henin,4
Justine_Pasek,2
Justin_Gatlin,2
Justin_Guarini,3
Justin_Leonard,4
Justin_Marshall,4
Justin_Timberlake,4
Justin_Wilson,4
Kai-Uwe_Ricke,2
Kaisser_Bazan,3
Kajsa_Bergqvist,2
Kalpana_Chawla,2
Kamal_Kharrazi,2
Kamel_Morjane,2
Kang_Gum-sil,2
Kaoru_Hasuike,4
Kara_Lynn_Joyce,2
Kareena_Kapoor,4
Karen_Allen,4
Karen_Lynn_Gorney,3
Karen_Mok,2
Karen_Sharpe_Kramer,3
Karin_Pilsaeter,2
Karin_Stoiber,4
Karin_Viard,4
Karl-Heinz_Rummenigge,2
Karol_Kucera,2
Kaspar_Villiger,4
Kate_Burton,4
Kate_Capshaw,3
Kate_Lee,4
Kate_Moss,4
Kate_Starbird,4
Kate_Winslet,3
Katharine_Hepburn,4
Katherine_Harris,4
Kathleen_Abernathy,3
Kathleen_Glynn,4
Kathleen_Kennedy_Townsend,4
Kathryn_Bigelow,4
Kathryn_Grayson,3
Kathryn_Morris,4
Kathy_Baker,2
Kathy_Bates,4
Kathy_Gannon,3
Kathy_Winters,2
Katie_Couric,4
Katie_Harman,2
Katie_Holmes,4
Katie_Smith,3
Katie_Wagner,2
Katja_Riemann,4
Katrin_Cartlidge,3
Kay_Bailey_Hutchison,4
Keanu_Reeves,3
Keiko_Sofia_Fujimori,3
Keira_Knightley,3
Keith_Foulke,2
Keith_Lockhart,2
Keith_Olbermann,4
Keith_Osik,4
Keith_Tyson,3
Keith_Urban,2
Keith_Van_Horn,2
Kellie_Coffey,3
Kellie_Greene,2
Kelly_Clarkson,4
Kelly_Osbourne,3
Kelly_Ripa,3
Kelly_Santos,2
Kelsey_Grammer,4
Kelvin_Sampson,4
Kemal_Dervis,2
Kenenisa_Bekele,4
Kenneth_Bowersox,2
Kenneth_Branagh,4
Kenneth_Brill,2
Kenneth_Carlsen,4
Kenneth_Cooper,4
Kenneth_Dam,3
Kenny_Brack,2
Kenny_Chesney,4
Kent_McCord,4
Kent_Rominger,4
Ken_Dorsey,2
Ken_Kutaragi,2
Ken_Loach,4
Ken_Macha,3
Ken_Watanabe,4
Ken_Wharfe,4
Kevin_Borseth,4
Kevin_Costner,4
Kevin_Garnett,4
Kevin_Harvick,4
Kevin_Hearn,4
Kevin_James,2
Kevin_Keegan,4
Kevin_Marshall,2
Kevin_Millwood,4
Kevin_Nealon,4
Kevin_Sorbo,4
Kevin_Spacey,4
Khalid_Khannouchi,2
Khalid_Qazi,2
Khatol_Mohammad_Zai,2
Khin_Nyunt,2
Khum_Bahadur_Khadka,2
Kieran_Culkin,4
Kiki_Vandeweghe,3
Kimi_Raikkonen,2
Kimora_Lee,2
Kim_Cattrall,4
Kim_Clijsters,4
Kim_Dae-jung,4
Kim_Gandy,3
Kim_Hong-gul,4
Kim_Jin-sun,4
Kim_Jong-Il,3
Kim_Ryong-sung,2
King_Abdullah_II,3
King_Bhumibol_Adulyadej,3
King_Gyanendra,2
Kirby_Puckett,3
Kirk_Douglas,4
Kirk_Ferentz,4
Kirk_Franklin,4
Kirk_Johnson,2
Kirsten_Dunst,4
Kitin_Munoz,2
Kit_Bond,4
Kjell_Magne_Bondevik,3
Klaus_Schwab,2
Klaus_Zwickel,4
Kobe_Bryant,2
Kofi_Annan,2
Koichiro_Matsuura,2
Koichi_Tanaka,4
Koji_Uehara,2
Kong_Quan,2
Kostya_Tszyu,4
Krishna_Bhadur_Mahara,2
Kristanna_Loken,4
Kristen_Breitweiser,2
Kristin_Chenoweth,4
Kristin_Davis,4
Kristin_Scott,2
Kristin_Scott_Thomas,4
Kristy_Curry,2
Kultida_Woods,2
Kurt_Budke,2
Kurt_Busch,3
Kurt_Russell,4
Kurt_Schottenheimer,2
Kurt_Suzuki,2
Kurt_Thomas,4
Kurt_Warner,2
Kwame_Kilpatrick,3
Kweisi_Mfume,2
Kyle_McLaren,2
Kyoko_Nakayama,2
Kyra_Sedgwick,3
Lachlan_Murdoch,4
Lana_Clarkson,3
Lance_Armstrong,4
Lance_Bass,4
Landon_Donovan,4
Lara_Logan,4
Larenz_Tate,2
Larry_Beinfest,3
Larry_Bowa,3
Larry_Campbell,2
Larry_Coker,4
Larry_Ellison,4
Larry_Eustachy,4
Larry_Flynt,4
Larry_Hagman,4
Larry_Johnson,2
Larry_Lindsey,2
Larry_Lucchino,4
Larry_Nichols,2
Larry_Pleau,4
Larry_Tanenbaum,3
Larry_Thompson,2
Larry_Wilmore,3
Lars_Von_Trier,4
Latrell_Sprewell,2
Laura_Bozzo,4
Laura_Bush,4
Laura_Elena_Harring,4
Laura_Flessel,4
Laura_Hernandez,2
Laura_Linney,3
Laura_Morante,4
Laura_Pausini,4
Laura_Schlessinger,4
Laura_Ziskin,2
Laurel_Clark,3
Laurence_Fishburne,4
Laurence_Tribe,4
Laurent_Gbagbo,3
Laurent_Jalabert,4
Laurent_Woulzy,2
Lauren_Hutton,3
Lauren_Killian,2
Laurie_Laychak,2
Lawrence_Di_Rita,2
Lawrence_MacAulay,2
Leah_Remini,4
Leander_Paes,4
Leandrinho_Barbosa,3
Leandro_Garcia,4
LeAnn_Rimes,3
LeBron_James,4
Lech_Walesa,3
Lee_Ann_Womack,2
Lee_Baca,2
Lee_Chang-dong,2
Lee_Chang_Dong,2
Lee_Hoi-chang,3
Lee_Tae-sik,2
Lee_Yuan-tseh,4
Leisel_Jones,4
Leland_Chapman,2
Lela_Rochon,3
Lena_Katina,2
Lena_Olin,3
Lene_Espersen,4
Lennart_Johansson,2
Lennox_Lewis,4
Lenny_Kravitz,2
Lenny_Wilkens,4
Leonardo_DiCaprio,4
Leonard_Hamilton,4
Leonid_Kuchma,2
Leon_Lai,4
Leo_Mullin,2
Lesley_Coppin,2
Leslie_Caldwell,2
Leslie_Moonves,2
Leslie_Wiser_Jr,2
Lester_Holt,4
Leszek_Miller,2
Leticia_Dolera,4
Leticia_Van_de_Putte,4
Lewis_Booth,4
Lew_Rywin,2
Liam_Neeson,3
Lidija_Djukanovic,2
Liliana_Cavani,4
Lili_Marinho,4
Lili_Taylor,4
Lily_Safra,3
Lily_Tomlin,4
Lina_Krasnoroutskaya,4
Lincoln_Chafee,4
Linda_Dano,4
Linda_Lingle,3
Linda_Mason,2
Linda_Sanchez,3
Lindsay_Benko,2
Lindsay_Davenport,2
Lindsay_Lohan,2
Lindsey_Graham,4
Lindy_Ruff,3
Lino_Oviedo,3
Linus_Roache,4
Lionel_Chalmers,2
Lionel_Hampton,4
Lionel_Richie,4
Lisa_Leslie,2
Lisa_Ling,2
Lisa_Marie_Presley,4
Lisa_Murkowski,4
Lisa_Stansfield,4
Lisa_Stone,2
Liu_Mingkang,2
Liu_Xiaoqing,4
Liu_Ye,4
Liv_Tyler,2
Liza_Minnelli,3
Li_Changchun,4
Li_Ka-shing,3
Li_Peng,2
Li_Ruihuan,2
Li_Zhaoxing,4
LK_Advani,2
Lleyton_Hewitt,4
Lloyd_Richards,2
Lloyd_Ward,3
Lois_Smart,4
Lokendra_Bahadur_Chand,2
Lonnie_Donegan,2
Lon_Kruger,4
Lord_Hutton,4
Loretta_Lynn_Harper,2
Lori_Berenson,2
Lorne_Michaels,2
Lorraine_Bracco,4
Louisa_Baileche,4
Louis_Van_Gaal,4
Lou_Piniella,4
Lou_Reed,4
Lou_Ye,2
Lubomir_Zaoralek,4
Luca_Cordero_di_Montezemolo,4
Luciano_Pavarotti,4
Lucia_Kenny_Anthony,2
Lucio_Angulo,2
Lucio_Cecchinello,3
Lucio_Gutierrez,4
Lucio_Stanca,2
Lucy_Liu,4
Luc_Montagnier,4
Luis_Ernesto_Derbez_Bautista,3
Luis_Figo,4
Luis_Fonsi,4
Luis_Gonzalez,4
Luis_Gonzalez_Macchi,2
Luis_Guzman,4
Luis_Pujols,4
Luiz_Felipe_Scolari,4
Luiz_Inacio_Lula_da_Silva,4
Luke_Ridnour,2
Luke_Smith,2
Luke_Walton,4
Lutz_Freitag,2
Lydia_Shum,4
Lyle_Lovett,4
Lyle_Vanclief,2
Lynne_Cheney,3
Lynne_Thigpen,4
Lynn_Abraham,2
Lynn_Redgrave,3
Lyudmila_Putin,2
Mack_Brown,4
Madeleine_Albright,4
Madeleine_Webber,3
Madonna,4
Mae_Jemison,3
Magdalena_Maleeva,2
Maggie_Cheung,4
Maggie_Smith,4
Magui_Serna,2
Mahathir_Mohamad,3
Mahendra_Chaudhry,4
Mahima_Chaudhari,3
Mahmoud_Abbas,4
Mahmoud_Diyab_al-Ahmed,2
Makhdoom_Amin_Fahim,2
Makiko_Tanaka,2
Malcolm_Glazer,2
Malcolm_Jamal_Warner,2
Malik_Mahmud,2
Mamdouh_Habib,3
Manfred_Reyes_Villa,2
Manfred_Stolpe,4
Manijeh_Hekmat,3
Manuel_Jesus,2
Manuel_Llorente,4
Manuel_Pellegrini,4
Manuel_Poggiali,2
Marat_Safin,4
Marc-Andre_Fleury,2
Marcelo_Ebrard,4
Marcelo_Rios,4
Marcelo_Salas,2
Marcos_Cafu,3
Marcos_Milinkovic,3
Marco_Antonio_Barrera,3
Marco_Archer_Cardoso_Moreira,2
Marco_Irizarry,2
Marco_Pantani,4
Marcus_Allen,4
Marcus_Gronholm,4
Marc_Anthony,3
Marc_Bulger,3
Marc_Grossman,2
Marc_Racicot,4
Marc_Shaiman,4
Margaret_Hoelzer,2
Margaret_Thatcher,4
Margerry_Bakley,2
Mariah_Carey,2
Mariana_Ohata,2
Marianne_Stanley,2
Mariano_Zabaleta,4
Maria_Bello,4
Maria_Burks,3
Maria_Callas,4
Maria_Conchita_Alonso,4
Maria_Guida,4
Maria_Luisa_Mendonca,2
Maria_Sanchez_Lorenzo,2
Maria_Shriver,3
Maria_Simon,4
Maria_Soledad_Alvear_Valenzuela,2
Maria_Wetterstrand,4
Maribel_Dominguez,4
Marie-Josee_Croze,4
Marie-Reine_Le_Gougne,2
Marieta_Chrousala,4
Marilyn_Monroe,4
Marina_Anissina,4
Marina_Hands,4
Marina_Kuptsova,2
Marina_Silva,4
Marion_Barry,4
Marion_Fahnestock,3
Mario_Cipollini,2
Mario_Dominguez,2
Mario_Dumont,3
Mario_Jardel,2
Mario_Kreutzberger,4
Mario_Lemieux,4
Mario_Lobo_Zagallo,2
Mario_Puzo,2
Mario_Vasquez_Rana,2
Marisa_Tomei,2
Marissa_Jaret_Winokur,4
Markus_Beyer,2
Markus_Naslund,4
Mark_Bellhorn,3
Mark_Butcher,3
Mark_Cuban,4
Mark_Everson,3
Mark_Foley,3
Mark_Gangloff,2
Mark_Geragos,2
Mark_Gottfried,2
Mark_Hogan,2
Mark_Kelly,3
Mark_Lazarus,3
Mark_Leno,3
Mark_Martin,4
Mark_McClellan,4
Mark_Mulder,3
Mark_Philippoussis,4
Mark_Podlesny,2
Mark_Polansky,3
Mark_Redman,2
Mark_Richt,4
Mark_Schweiker,3
Mark_Shapiro,2
Mark_Stuart,2
Mark_Swartz,2
Mark_Wahlberg,4
Mark_Warner,2
Marsha_Ambrosius,2
Marsha_Sharp,2
Marsha_Thomason,4
Marta_Dominguz,4
Martha_Beatriz_Roque,2
Martha_Burk,2
Martha_Lucia_Ramirez,4
Martha_Sahagun_de_Fox,4
Martha_Smith,4
Martha_Stewart,4
Martie_Maguire,4
Martina_Hingis,4
Martina_McBride,2
Martin_Brodeur,4
Martin_Cauchon,3
Martin_Frost,4
Martin_Keown,2
Martin_Landau,4
Martin_Lawrence,3
Martin_Luther_King_III,4
Martin_McGuinness,4
Martin_ONeill,2
Martin_Rodriguez,2
Martin_Scorsese,4
Martin_Sheen,4
Martin_Short,3
Martin_Torrijos,4
Martin_Verkerk,2
Marty_Mornhinweg,2
Marvan_Atapattu,3
Marwan_Barghouthi,4
Marwan_Muasher,3
Mary-Kate_Olsen,2
Mary_Blige,3
Mary_Bono,4
Mary_Descenza,2
Mary_Elizabeth_Mastrantonio,4
Mary_Jo_Myers,2
Mary_Katherine_Smart,2
Mary_Landrieu,4
Mary_Lou_Retton,3
Mary_Matalin,4
Mary_McCarty,3
Mary_Robinson,4
Mary_Steenburgen,4
Mary_Sue_Coleman,3
Mary_Tyler_Moore,3
Masao_Azuma,2
Masja_Juel,2
Massoud_Barzani,4
Masum_Turker,3
Mathias_Reichhold,3
Matthew_Broderick,2
Matthew_McConaughey,4
Matthew_Ouimet,3
Matthew_Perry,3
Matthew_Vaughan,3
Matthias_Sammer,4
Matt_Anderson,2
Matt_Damon,4
Matt_Dillon,2
Matt_LeBlanc,3
Matt_Morris,2
Matt_Welsh,3
Maura_Tierney,4
Maureen_Kanka,3
Maurice_Cheeks,3
Maurice_Papon,4
Maurice_Strong,3
Mauricio_Macri,4
Mauricio_Pochetino,2
Max_Baucus,4
Max_Biaggi,3
Max_Mosley,3
Max_von_Sydow,2
Mayumi_Moriyama,4
MC_Hammer,4
Megan_Mullally,4
Meg_Mallon,4
Meg_Wakeman,2
Mehdi_Baala,4
Mehmet_Ali_Sahin,2
Mehmet_Okur,4
Mekhi_Phifer,4
Melana_Scantlin,2
Melanie_Griffith,4
Melchor_Cob_Castro,2
Meles_Zenawi,4
Melina_Kanakaredes,2
Melinda_Czink,2
Melissa_Etheridge,4
Melissa_Gilbert,4
Melissa_Joan_Hart,2
Melissa_Manchester,4
Melissa_Stark,4
Melvin_Talbert,3
Mel_Brooks,4
Mel_Gibson,4
Mel_Karmazin,3
Meryl_Streep,2
Mesut_Yilmaz,2
Mian_Khursheed_Mehmood_Kasuri,2
Mia_Mottley,2
Micah_Knorr,2
Michael_Andretti,3
Michael_Arif,2
Michael_Ballack,4
Michael_Bloomberg,2
Michael_Bolton,3
Michael_Boyce,3
Michael_Brandon,4
Michael_Broad,2
Michael_Caine,4
Michael_Capellas,2
Michael_Chang,4
Michael_Chiklis,3
Michael_Clarke_Duncan,4
Michael_Dell,4
Michael_Diekmann,3
Michael_Doleac,2
Michael_Douglas,4
Michael_Frayn,2
Michael_Goldrich,2
Michael_Hagee,2
Michael_Haneke,4
Michael_Hoffa,2
Michael_Jackson,4
Michael_Jordan,3
Michael_J_Fox,4
Michael_Keaton,3
Michael_Kirby,4
Michael_Kors,2
Michael_Kostelnik,2
Michael_Leavitt,4
Michael_Lopez-Alegria,3
Michael_Michele,4
Michael_Milton,2
Michael_Moore,4
Michael_Patrick_King,4
Michael_Pfleger,3
Michael_Phelps,4
Michael_Piuze,2
Michael_Richards,2
Michael_Rolinee,2
Michael_Schumacher,3
Michael_Stark,2
Michael_Wayne,2
Michael_Winterbottom,4
Micheal_Jourdain_Jr,4
Michelangelo_Antonioni,4
Michele_Placido,4
Michelle_Bachelet,3
Michelle_Branch,2
Michelle_Chiklis,2
Michelle_Kwan,4
Michelle_Lecky,2
Michelle_Pfeiffer,2
Michelle_Rodriguez,2
Michelle_Yeoh,4
Michel_Duclos,2
Michel_Temer,2
Michel_Therrien,4
Mickey_Gilley,3
Mickey_Loomis,4
Mickey_Rooney,4
Mickey_Sherman,3
Micky_Arison,3
Micky_Ward,3
Mick_Jagger,3
Mick_McCarthy,4
Miguel_Angel_Rodriguez,2
Miguel_Contreras,2
Miguel_Cotto,2
Miguel_Estrada,4
Miguel_Hakim,2
Miguel_Jimenez,2
Miguel_Rosseto,2
Mika_Hakkinen,4
Mike_Alden,2
Mike_Babcock,4
Mike_Brey,3
Mike_Bryan,4
Mike_Carona,3
Mike_Cunning,2
Mike_Easley,2
Mike_Eskew,4
Mike_Flanagan,3
Mike_Helton,2
Mike_Holmgren,4
Mike_Johanns,4
Mike_Krzyzewski,4
Mike_Leach,4
Mike_Martz,2
Mike_Matheny,4
Mike_Matthews,2
Mike_Miller,4
Mike_Montgomery,2
Mike_Myers,3
Mike_Price,2
Mike_Richter,4
Mike_Samp,2
Mike_Scioscia,3
Mike_Sherman,3
Mike_Stefanik,3
Mike_Tice,2
Mike_Tyson,2
Mike_Webster,2
Mikhail_Gorbachev,3
Mikhail_Kalashnikov,3
Mikhail_Kasyanov,2
Mikhail_Khodorkovsky,4
Mikhail_Shvydkoi,2
Mikhail_Youzhny,2
Mikulas_Dzurinda,3
Milan_Kucan,4
Miles_Stewart,2
Mile_Mrksic,2
Millicent_Martin,4
Milo_Djukanovic,4
Milton_Berle,4
Milton_Wynants,4
Milt_Heflin,2
Milt_Palacio,2
Minnie_Driver,4
Miranda_Gaddis,2
Miranda_Otto,4
Mira_Sorvino,4
Mirela_Manjani,3
Mireya_Elisa_Moscoso_Rodriguez,3
Missy_Crider,4
Misty_Dawn_Clymer,2
Mitchell_Garabedian,4
Mitchell_McLaughlin,2
Mitchell_Swartz,2
Mitch_Kupchak,2
Mitoji_Yabunaka,3
Mitsou_Gelinas,3
Mitt_Romney,4
Mitzi_Gaynor,4
Miyako_Miyazaki,2
Mladen_Naletilic,2
Moby,4
Mohamed_Benaissa,2
Mohamed_Hammam,2
Mohamed_Seineldin,2
Mohammad_Hasanein,2
Mohammad_Khatami,2
Mohammed_Al_Hindi,3
Mohammed_Baqir_al-Hakim,4
Mohammed_Mehdi_Saleh,2
Molly_Sims,4
Momir_Nikolic,2
Mona_Ayoub,4
Mona_Locke,2
Mona_Rishmawi,2
Monica_Bellucci,4
Monica_Lewinsky,4
Monica_Serra,2
Monica_Vergara,2
Monique_Gagnon-Tremblay,3
Monique_Garbrecht-Enfeldt,2
Monte_Kiffin,2
Moon-So-ri,2
Morgan_Fairchild,4
Morgan_Freeman,3
Morris_Dees,2
Moshe_Katsav,2
Mother_Teresa,3
Mo_Elleithee,3
Mstislav_Rostropovich,4
Ms_Dynamite,4
Muammar_Gaddafi,2
Muffet_McGraw,4
Mufti_Mohammad_Syed,4
Muhammad_Ali,3
Muhammad_Saeed_al-Sahhaf,4
Munir_Akram,3
Nabil_Shaath,2
Nadia_Petrova,4
Nancy_Kerrigan,4
Nancy_Pelosi,3
Nancy_Powell,4
Nancy_Reagan,4
Nancy_Sinatra,4
Nancy_Smith,2
Nanni_Moretti,4
Nan_Wang,4
Naomi_Bronstein,2
Naomi_Campbell,2
Naoto_Kan,3
Narendra_Modi,4
Nastassia_Kinski,3
Natalia_Verbeke,2
Natalia_Vodonova,2
Natalie_Cole,2
Natalie_Coughlin,4
Natalie_Imbruglia,4
Natalie_Maines,2
Natalie_Stewart,2
Natalie_Williams,2
Natasa_Micic,4
Natasha_Henstridge,2
Natasha_Lyonne,4
Natasha_McElhone,2
Nathalie_Baye,4
Nathalie_Dechy,4
Nathan_Lane,4
Nawabzada_Nasrullah_Khan,2
Nebojsa_Pavkovic,3
Neil_Moritz,2
Nelson_Acosta,4
Nelson_Mandela,4
Neri_Marcore,4
Nestor_Kirchner,3
Newt_Gingrich,3
Nia_Vardalos,3
Nicanor_Duarte_Frutos,3
Nicholas_Tse,4
Nicholoas_DiMarzio,3
Nicklas_Lidstrom,3
Nick_Cassavetes,3
Nick_Markakis,3
Nick_Nolte,4
Nick_Price,3
Nick_Rahall,3
Nick_Reilly,3
Nick_Rimando,4
Nicolas_Cage,4
Nicolas_Escude,2
Nicolas_Eyzaguirre,2
Nicolas_Lapentti,2
Nicolas_Macrozonaris,3
Nicolas_Massu,2
Nicolas_Sarkozy,4
Nicola_Bono,2
Nicola_Wells,2
Nicoletta_Braschi,2
Nicole,2
Nicole_Hiltz,2
Nicole_Kidman,4
Nicole_Parker,4
Nida_Blanca,4
Nigel_Redden,2
Nikki_Cascone,2
Nikki_Reed,2
Nikolay_Davydenko,4
Nina_Jacobson,3
Nina_Pecari,2
Nino_DAngelo,3
Nizar_Trabelsi,4
Noah_Wyle,4
Nobuyuki_Idei,3
Noel_Forgeard,4
Noel_Niell,4
Nona_Gaye,2
Nong_Duc_Manh,3
Nora_Ephron,2
Norbert_van_Heyst,2
Norio_Ohga,2
Normand_Legault,3
Norman_Jewison,2
Norman_Mailer,4
Norman_Mineta,3
Norm_Coleman,3
Norm_Macdonald,4
Norodom_Sihanouk,4
Nuon_Chea,4
Nursultan_Nazarbayev,4
Odai_Hussein,2
Odilia_Collazo,2
OJ_Simpson,4
Oleg_Romantsev,4
Olene_Walker,2
Olivera_Labus,2
Oliver_Neuville,4
Oliver_Phelps,4
Oliver_Stone,4
Olivier_Rochus,2
Olympia_Dukakis,4
Omar_Sharif,3
Omar_Vizquel,4
Oprah_Winfrey,2
Oracene_Williams,4
Orlando_Bloom,4
Ornella_Muti,4
Orrin_Hatch,2
Osama_Al_Baz,2
Osama_bin_Laden,2
Oscar_De_La_Hoya,4
Oscar_de_la_Renta,4
Oscar_DLeon,2
Oscar_Elias_Biscet,3
Oswaldo_Paya,4
Oswald_Gruebel,2
Otto_Reich,3
Otto_Schily,3
out.csv,1
Owen_Nolan,4
Owen_Wilson,4
Oxana_Fedorova,2
Ozzie_Smith,4
Ozzy_Osbourne,2
Pablo_Latras,2
Paddy_Torsney,3
Padraig_Harrington,4
Paige_Fitzgerald,2
Pak_Gil_Yon,2
Pamela_Anderson,4
Pamela_Melroy,3
Paola_Espinoza,2
Paradorn_Srichaphan,2
Paris_Hilton,4
Park_Jie-won,2
Parthiv_Patel,4
Pascal_Affi_Nguessan,4
Pascal_Lamy,2
Pascal_Quignard,4
Pascal_Rheaume,4
Patrice_Chereau,4
Patricia_Clarkson,4
Patricia_Hearst,2
Patricia_Heaton,4
Patricia_Medina,4
Patricia_Phillips,2
Patricia_Russo,2
Patricia_Wartusch,2
Patrick_Bourrat,3
Patrick_Dennehy,2
Patrick_Eaves,2
Patrick_Ewing,4
Patrick_Kron,2
Patrick_Leahy,2
Patrick_McEnroe,3
Patrick_Rafter,4
Patrick_Roy,2
Patrick_Stewart,4
Patrik_Kristiansson,2
Patsy_Kensit,2
Patsy_Mink,4
Patti_Balgojevich,2
Patti_Labelle,4
Patti_Smith,3
Patty_Duke,4
Patty_Schnyder,4
Patty_Sheehan,4
Pat_Burns,2
Pat_Cox,3
Pat_Riley,4
Pat_Summerall,2
Pat_Summitt,4
Paul-Henri_Mathieu,4
Paula_Abdul,2
Paula_Dobriansky,3
Paula_Prentiss,2
Paula_Radcliffe,4
Paula_Zahn,4
Pauley_Perrette,4
Paulie_Ayala,4
Pauline_Landers,4
Paul_Bettany,4
Paul_Brandt,2
Paul_Bremer,4
Paul_Burrell,4
Paul_Byrd,4
Paul_Celluci,4
Paul_Clark,2
Paul_Crake,2
Paul_Farley,2
Paul_Gascoigne,3
Paul_Greengrass,4
Paul_Henderson,3
Paul_Hogan,3
Paul_Johnson,2
Paul_Kagame,2
Paul_Kariya,3
Paul_LeClerc,3
Paul_Lockhart,2
Paul_Lo_Duca,4
Paul_Luvera,2
Paul_Martin,2
Paul_McCartney,4
Paul_McNulty,2
Paul_Michael_Daniels,2
Paul_Murphy,2
Paul_Newman,2
Paul_Otellini,4
Paul_Pierce,3
Paul_Reiser,4
Paul_Sarbanes,2
Paul_Schrader,4
Paul_Shanley,2
Paul_Tagliabue,4
Paul_Tracy,2
Paul_Vathis,2
Paul_Walker,4
Paul_Wellstone,3
Paul_Wolfowitz,4
Pedro_Almodovar,4
Pedro_Duque,3
Pedro_Malan,4
Pedro_Martinez,4
Pedro_Pauleta,2
Pedro_Solbes,2
Pele,3
Penelope_Ann_Miller,2
Penelope_Cruz,2
Penny_Lancaster,4
Percy_Gibson,2
Peri_Gilpin,4
Pernilla_Bjorn,2
Perry_Farrell,3
Pervez_Musharraf,2
Peter_Albertsen,2
Peter_Arnett,3
Peter_Bacanovic,4
Peter_Care,2
Peter_Caruana,3
Peter_Chan,2
Peter_Costello,4
Peter_Fitzgerald,2
Peter_Fonda,4
Peter_Gabriel,4
Peter_Gilmour,2
Peter_Goldmark,2
Peter_Greenaway,3
Peter_Greenspun,2
Peter_Hartz,4
Peter_Hillary,4
Peter_Holmberg,2
Peter_Lundgren,2
Peter_Mackay,4
Peter_Mansbridge,4
Peter_Max,3
Peter_Medgyessy,4
Peter_Mugyeni,2
Peter_Mullan,4
Peter_OToole,4
Peter_Schultz,2
Peter_Sejna,2
Peter_Struck,4
Peter_Ueberroth,4
Pete_Carroll,2
Pete_Gillen,4
Pete_Rose,2
Pete_Sampras,4
Petria_Thomas,2
Petro_Symonenko,2
Philippe_Noiret,4
Phillipe_Comtois,2
Phillip_Fulmer,3
Phillip_Seymor_Hoffmann,4
Phil_Bennett,4
Phil_Bredesen,2
Phil_Cline,2
Phil_Donahue,3
Phil_Gramm,2
Phil_Jackson,4
Phil_McGraw,2
Phil_Mickelson,4
Phil_Vassar,2
Phoenix_Chang,2
Picabo_Street,4
Pierce_Brosnan,4
Pierre_Boulanger,4
Pierre_Lacroix,4
Pierre_Pettigrew,3
Pierre_Van_Hooijdonk,3
Piers_Sellers,4
Pier_Ferdinando_Casini,2
Pieter_Bouw,2
Pilar_Montenegro,2
Piotr_Anderszewski,4
Pio_Laghi,2
Placido_Domingo,4
Platon_Lebedev,4
Polona_Bas,2
Porter_Goss,2
Portia_de_Rossi,4
Prakash_Hinduja,3
Princess_Aiko,2
Princess_Anne,2
Princess_Caroline,4
Princess_Diana,4
Princess_Elisabeth,2
Princess_Masako,4
Princess_Maxima,4
Princess_Stephanie,4
Princess_Victoria,3
Prince_Charles,2
Prince_Claus,2
Prince_Edward,4
Prince_Felipe,4
Prince_Harry,3
Prince_Naruhito,4
Prince_Philippe,4
Prince_Rainier_III,2
Prince_Willem-Alexander,4
Prince_William,4
Pringe_Ernst_August,3
Priscilla_Owen,2
Priscilla_Presley,2
Priyanka_Chopra,2
Prospero_Pichay,2
Pupi_Avati,2
Pyar_Jung_Thapa,3
Qais_al-Kazali,2
Qazi_Hussain_Ahmed,2
Qian_Qichen,3
Queen_Beatrix,3
Queen_Elizabeth_II,3
Queen_Noor,4
Queen_Rania,4
Queen_Silvia,4
Queen_Sofia,2
Quincy_Jones,4
Quin_Snyder,4
Qusai_Hussein,2
Rachel_Corrie,2
Rachel_Griffiths,4
Rachel_Hunter,4
Rachel_Kempson,4
Rachel_Leigh_Cook,2
Rachel_Roy,2
Radovan_Karadzic,4
Rafael_Bielsa,3
Rafael_Ramirez,2
Rafael_Vinoly,2
Rafidah_Aziz,2
Rafiq_Hariri,2
Raf_Vallone,4
Raghad_Saddam_Hussein,2
Rahul_Dravid,4
Rainer_Gut,2
Rainer_Schuettler,4
Raja_Zafar-ul-Haq,3
Ralf_Schumacher,4
Ralph_Fiennes,4
Ralph_Firman,2
Ralph_Friedgen,3
Ralph_Goodale,2
Ralph_Klein,4
Ralph_Lauren,3
Ralph_Nader,4
Ralph_Sampson,3
Ramona_Rispton,3
Ramon_Delgado,2
Randall_Terry,2
Randall_Tobias,3
Randy_Dryer,4
Randy_Ferbey,4
Randy_Jackson,4
Randy_Johnson,4
Randy_Travis,4
Rand_Beers,2
Rand_Miller,3
Ranil_Wickremasinghe,4
Rani_Mukherjee,4
Raoul_Ruiz,4
Raquel_Welch,2
Rashid_Qureshi,2
Ratna_Sari_Dewi_Sukarno,4
Raul_Cubas,3
Raul_Gonzalez,4
Raul_Ibanez,4
Raul_Mondesi,4
Raul_Rivero,3
Raymond_Arthurs,2
Raymond_Odierno,3
Ray_Allen,2
Ray_Bradbury,3
Ray_Evernham,3
Ray_Halbritter,2
Ray_Lewis,3
Ray_Liotta,4
Ray_Lucas,2
Ray_Morrough,2
Ray_Nagin,2
Ray_Price,4
Ray_Romano,2
Ray_Young,2
Razali_Ismail,4
Raza_Rabbani,2
Rebecca_Romijn_Stamos,4
Rebekah_Chantay_Revels,4
Recep_Tayyip_Erdogan,4
Red_Auerbach,4
Reese_Witherspoon,4
Reggie_Lewis,2
Reggie_Miller,4
Reginald_Hudlin,3
Regina_Ip,4
Reinhard_Buetikofer,2
Renato_Soru,2
Rena_Sofer,4
Renee_Zellweger,4
Rene_Portland,4
Retief_Goosen,3
Rhett_Warrener,4
Rhina_Villatoro,2
Ricardo_Lagos,4
Ricardo_Lopez_Murphy,4
Ricardo_Maduro,2
Ricardo_Monasterio,2
Ricardo_Sanchez,2
Riccardo_Muti,4
Richard_Branson,2
Richard_Chamberlain,4
Richard_Cohen,2
Richard_Crenna,3
Richard_Daley,2
Richard_Dreyfuss,3
Richard_Gephardt,2
Richard_Gere,4
Richard_Greenberg,4
Richard_Haass,4
Richard_Hamilton,4
Richard_Harris,4
Richard_Jewell,3
Richard_Krajicek,4
Richard_Lennon,2
Richard_Levin,4
Richard_Lugar,2
Richard_Myers,2
Richard_Naughton,2
Richard_Parsons,3
Richard_Paul_Evans,4
Richard_Penniman,4
Richard_Pennington,4
Richard_Perle,3
Richard_Reid,2
Richard_Sambrook,4
Richard_Shelby,4
Richard_Tubb,2
Richard_Virenque,4
Richie_Adubato,2
Rich_Brooks,4
Rich_Gannon,4
Ricky_Barnes,2
Ricky_Martin,4
Ricky_Ponting,4
Ricky_Quick,2
Ricky_Ray,3
Rick_Barnes,2
Rick_Bragg,4
Rick_Carlisle,2
Rick_Caruso,4
Rick_Husband,3
Rick_Perry,4
Rick_Pitino,4
Rick_Reed,2
Rick_Rickert,2
Rick_Romley,2
Rick_Santorum,3
Rick_Stansbury,3
Rick_Wagoner,4
Ridley_Scott,4
Ringo_Starr,4
Rio_Ferdinand,2
Rita_Moreno,3
Rita_Wilson,2
Robbie_Coltrane,3
Robbie_Fowler,4
Robbie_Naish,2
Robbie_Williams,4
Robby_Ginepri,3
Roberta_Combs,4
Roberto_Benigni,4
Roberto_Canessa,2
Roberto_Carlos,4
Roberto_Cavalli,2
Roberto_Lavagna,4
Robert_Altman,4
Robert_Blackwill,2
Robert_Blake,4
Robert_Bonner,2
Robert_De_Niro,2
Robert_Downey_Jr,4
Robert_Durst,4
Robert_Duvall,4
Robert_Ehrlich,4
Robert_Fico,4
Robert_F_Kennedy_Jr,4
Robert_Gallo,3
Robert_Hanssen,2
Robert_Kocharian,4
Robert_Korzeniowski,3
Robert_Lee_Yates_Jr,2
Robert_Marshall,2
Robert_McKee,2
Robert_Morvillo,2
Robert_Mueller,3
Robert_Mugabe,2
Robert_Nardelli,3
Robert_Redford,4
Robert_Schuller,2
Robert_Stack,4
Robert_Towne,2
Robert_Tyrrell,2
Robert_Wagner,4
Robert_Woody_Johnson,2
Robert_Zoellick,4
Robinson_Stevenin,4
Robin_Cook,3
Robin_Johansen,2
Robin_McGraw,3
Robin_McLaurin_Williams,2
Robin_Tunney,4
Robin_Williams,2
Robin_Wright_Penn,4
Rob_Lowe,4
Rob_Marshall,4
Rob_Morrow,4
Rob_Niedermayer,4
Rob_Schneider,3
Rocco_Buttiglione,4
Rodney_Dangerfield,2
Rodrigo_Borja,4
Rodrigo_de_la_Cerna,4
Rodrigo_Rato,4
Rod_Paige,2
Rod_Stewart,2
Rod_Thorn,2
Rogelio_Montemayor,2
Roger_Clemens,3
Roger_Daltrey,2
Roger_Federer,4
Roger_Grimes,2
Roger_Machado,3
Roger_Moore,4
Roger_Penske,2
Roger_Staubach,4
Roger_Toussaint,4
Rohinton_Mistry,2
Roh_Moo-hyun,3
Rolandas_Paksas,4
Rolf_Eckrodt,2
Rollie_Massimino,2
Romain_Duris,4
Romano_Prodi,2
Roman_Coppola,3
Roman_Polanski,3
Roman_Tam,3
Romario_Farias,4
Romeo_Gigli,2
Ronaldo_Luis_Nazario_de_Lima,4
Ronald_Harwood,4
Ronald_Kadish,2
Ronald_Kessler,3
Ronald_Perelman,4
Ronald_Reagan,4
Ronald_Young_Jr,4
Ronde_Barber,2
Ronnie_Musgrove,2
Ron_Gonzales,4
Ron_Howard,4
Ron_Kirk,4
Ron_Zook,2
Rosalyn_Carter,4
Rosario_Dawson,2
Roseanne_Barr,4
Rosemarie_Stack,4
Rose_Marie,4
Rosie_Perez,4
Ross_Verba,3
Rowan_Williams,2
Roy_Blunt,4
Roy_Chaderton,4
Roy_Halladay,4
Roy_Jones_Jr,3
Roy_Moore,4
Roy_Rogers,4
Roy_Romanow,3
Roy_Williams,4
Ruano_Pascual,4
Rubens_Barrichello,3
Ruben_Sierra,3
Ruben_Studdard,4
Ruben_Wolkowyski,4
Rudi_Voeller,2
Rudolf_Schuster,2
Rudolph_Giuliani,4
Rudolph_Holton,2
Rudy_Tomjanovich,4
Rulon_Gardner,2
Rupert_Grint,4
Rupert_Murdoch,2
Russell_Coutts,2
Russell_Crowe,4
Russell_Simmons,4
Russ_Ortiz,2
Rustu_Recber,2
Ruth_Bader_Ginsburg,4
Ruth_Christofferson,2
Ruth_Dreifuss,3
Ruth_Pearce,2
Ryan_Drese,2
Ryan_Goodman,2
Ryan_Leaf,4
Ryan_Nyquist,2
Saadi_Gadhafi,3
Sabah_Al-Ahmad_Al-Jaber_Al-Sabah,2
Saburo_Kawabuchi,2
Sachiko_Yamada,2
Sachin_Tendulkar,4
Sada_Jacobson,2
Saddam_Hussein,4
Sadie_Frost,4
Saeb_Erekat,2
Saeed_Anwar,4
Saeed_Mortazavi,2
Sally_Field,2
Sally_Kirkland,4
Sally_Ride,4
Salman_Khan,4
Salman_Rushdie,4
Salma_Hayek,2
Saman_Shali,3
Samira_Makhmalbaf,3
Sami_Al-Arian,3
Sammy_Knight,2
Sammy_Sosa,4
Samuel_Waksal,3
Sam_Bith,2
Sam_Brownback,4
Sam_Mendes,2
Sam_Rockwell,4
Sam_Torrance,2
Sananda_Maitreya,3
Sandra_Bullock,3
Sandra_Ceccarelli,4
Sandra_Day_OConner,2
Sandra_Milo,4
Sandra_Shamas,2
Sandy_Smith,2
Sanjay_Gupta,4
Sanja_Papic,2
Santiago_Botero,4
San_Lan,2
Saoud_Al_Faisal,2
Saparmurat_Niyazov,4
Sarah_Hughes,2
Sarah_Jessica_Parker,4
Sarah_Michelle_Gellar,4
Sarah_Weddington,4
Sarah_Wynter,2
Sara_Silverman,2
Sargis_Sargsian,2
Sasha_Alexander,2
Sasha_Cohen,3
Satnarine_Sharma,2
Scott_Blum,2
Scott_Gorelick,2
Scott_Hamilton,4
Scott_Hoch,3
Scott_McClellan,2
Scott_McNealy,4
Scott_OGrady,4
Scott_Peterson,2
Scott_Ritter,2
Scott_Rolen,3
Scott_Rudin,2
Scott_Verplank,2
Scott_Weiland,4
Scott_Wittman,4
Scott_Wolf,3
Scott_Yates,2
Sean_Astin,2
Sean_Hayes,4
Sean_OKeefe,3
Sean_Patrick_OMalley,4
Sean_Penn,4
Sean_Townsend,3
Sebastian_Cuattrin,2
Sebastian_Porto,4
Sebastian_Saja,4
Sebastien_Grosjean,4
Sepp_Blatter,4
Serena_Williams,2
Sereyvuth_Kem,2
Sergei_Ivanov,4
Sergei_Yushenkov,3
Sergey_Lavrov,2
Serge_Klarsfeld,4
Sergio_Castellitto,4
Sergio_Garcia,2
Sergio_Vieira_De_Mello,4
Severino_Antinori,3
Seydou_Diarra,2
Seymour_Cassell,3
Se_Hyuk_Joo,2
Shae-Lynn_Bourne,2
Shane_Mosley,4
Shane_Reynolds,3
Shane_Warne,2
Shania_Twain,2
Shannon_OBrien,2
Shannyn_Sossamon,2
Sharon_Frey,3
Sharon_Osbourne,2
Sharon_Robinson,4
Sharon_Stone,4
Shaukat_Aziz,2
Shaul_Mofaz,2
Shaun_Pollock,4
Shawn_Bradley,4
Shawn_Kemp,4
Shawn_Marion,2
Sheila_Copps,4
Sheila_Fraser,3
Sheila_Taormina,3
Sheila_Wellstone,2
Sheldon_Silver,4
Sherri_Coale,4
Sheryl_Crow,4
Shia_LaBeouf,4
Shigeo_Nagashima,1
Shigeo_Nagashim,2
Shigeru_Ishiba,2
Shimon_Peres,2
Shingo_Katayama,2
Shinzo_Abe,4
Shirley_Jones,4
Shi_Guangsheng,4
Shobha_De,2
Shoshana_Johnson,2
Shoshannah_Stern,4
Sidney_Kimmel,2
Sidney_Poitier,4
Sid_Caesar,3
Sigourney_Weaver,4
Sila_Calderon,2
Silvan_Shalom,2
Silvio_Berlusconi,2
Simon_Cowell,2
Simon_Larose,2
Simon_Yam,2
Sinead_OConnor,4
Sivan_Klein,2
Slobodan_Milosevic,2
Sofia_Milos,2
Sohail_Abbas,2
Sok_An,4
Solomon_Passy,4
Sonia_Gandhi,3
Sonya_Walger,4
Soon_Yi,3
Sophia_Loren,3
Sourav_Ganguly,4
Spencer_Abraham,2
Spike_Jonze,4
Spike_Lee,4
Stacey_Dales-Schuman,2
Stacey_Jones,2
Stacy_Dragila,4
Stanislas_Wawrinka,4
Stanley_Ho,4
Stanley_McChrystal,4
Stanley_Nelson,2
Stanley_Tong,2
Stan_Heath,2
Stan_Kasten,4
Stan_Kroenke,4
Stefano_Accorsi,4
Stefano_Gabbana,4
Stefan_Holm,4
Stefan_Koubek,4
Stefan_Tafrov,2
Steffeny_Holtz,2
Steffi_Graf,4
Stellan_Skarsgard,4
Stella_Keitel,2
Stella_McCartney,4
Stephane_Delajoux,2
Stephane_Rousseau,3
Stephanie_Cohen_Aloro,2
Stephanie_Zimbalist,4
Stephan_Eberharter,4
Stephen_Arigbabu,4
Stephen_Covey,2
Stephen_Crampton,2
Stephen_Daldry,2
Stephen_Frears,4
Stephen_Friedman,3
Stephen_Keener,2
Stephen_Silas,3
Stephen_Webster,2
Sterling_Hitchcock,3
Steven_Craig,2
Steven_Curtis_Chapman,4
Steven_Feldman,4
Steven_Hatfill,4
Steven_Seagal,3
Steven_Spielberg,4
Steven_Tyler,2
Steve_Alford,4
Steve_Allee,2
Steve_Austin,3
Steve_Backley,2
Steve_Ballmer,4
Steve_Case,4
Steve_Coogan,4
Steve_Cutler,2
Steve_Fehr,2
Steve_Karsay,3
Steve_Kerr,4
Steve_Largent,4
Steve_Lavin,2
Steve_Mariucci,4
Steve_McManaman,3
Steve_Nash,4
Steve_Nesbitt,2
Steve_Pagliuca,2
Steve_Park,2
Steve_Patterson,2
Steve_Peace,2
Steve_Phillips,2
Steve_Redgrave,4
Steve_Spurrier,4
Steve_Stirling,2
Steve_Valentine,4
Steve_Wariner,4
Steve_Waugh,4
Steve_Zahn,4
Stipe_Mesic,2
Stockard_Channing,4
Strom_Thurmond,3
Stuart_Townsend,2
Stuart_Whitman,3
Sue_Grafton,4
Sue_Johnston,4
Sue_Wicks,2
Suh_Chung-won,3
Sultan_Qaboos,4
Sun_Myung_Moon,4
Supachai_Panitchpakdi,2
Sureyya_Ayhan,2
Surya_Bahadur_Thapa,2
Susan_Collins,4
Susan_Sarandon,4
Sushma_Swaraj,2
Susie_Castillo,2
Susilo_Bambang_Yudhoyono,4
Suzanne_Mubarak,3
Suzanne_Somers,4
Suzie_McConnell_Serio,4
Svend_Aage_Jensby,2
Svend_Robinson,3
Sven_Goran_Eriksson,3
Sven_Ottke,4
Svetislav_Pesic,4
Svetlana_Koroleva,4
Svetoslav_Todorov,2
Sybille_Schmid,2
Syed_Abdul_Rahman_Geelani,2
Sylvester_Stallone,4
Sylvia_Plachy,2
Sylvie_Guillem,4
Tabare_Vazquez,4
Tab_Baldwin,4
Taha_Yassin_Ramadan,2
Takahiro_Mori,2
Takashi_Sorimachi,4
Takeo_Fukui,3
Takeo_Hiranuma,3
Takeshi_Kitano,2
Talisa_Soto,2
Tammy_Lynn_Michaels,2
Tang_Jiaxuan,2
Tanya_Lindenmuth,2
Taoufik_Mathlouthi,2
Tara_Dawn_Christensen,2
Tara_Kirk,2
Tara_Reid,4
Tara_VanDerveer,3
Tassos_Papadopoulos,2
Tatiana_Kennedy_Schlossberg,2
Tatiana_Panova,4
Tatjana_Gsell,2
Tatsuya_Fuji,4
Taufik_Hidayat,2
Taufik_Kiemas,2
Tavis_Smiley,4
Taylor_Twellman,4
Tayshaun_Prince,4
Teddy_Kollek,4
Ted_Costa,3
Ted_Nolan,2
Ted_Turner,4
Ted_Washington,2
Ted_Williams,2
Terence_Newman,2
Teresa_Graves,2
Teresa_Heinz_Kerry,4
Teresa_Worbis,2
Teri_Files,2
Teri_Garr,3
Terje_Roed-Larsen,4
Terrell_Suggs,2
Terrence_Trammell,2
Terri_Clark,4
Terry_Bradshaw,4
Terry_Gilliam,3
Terry_Hoeppner,2
Terry_Lynn_Barton,2
Terry_McAuliffe,4
Terry_Semel,4
Terry_Stotts,4
Terunobu_Maeda,2
Tessa_Jowell,3
Tex_Ritter,4
Thabo_Mbeki,3
Thad_Matta,3
Thaksin_Shinawatra,2
Thalia,2
Theo_Angelopoulos,4
Theo_Epstein,2
Theresa_Gattung,2
Theresa_May,4
Thierry_Mariani,4
Thomas_Bjorn,2
Thomas_Enqvist,3
Thomas_Fargo,3
Thomas_Gottschalk,4
Thomas_Haeggstroem,2
Thomas_Klestil,3
Thomas_Manger,2
Thomas_Mesereau_Jr,2
Thomas_Rupprath,4
Thomas_Ulrich,4
Thomas_Van_Essen,2
Thomas_Watjen,2
Thor_Pedersen,2
Tiago_Splitter,4
Tian_Zhuang_Zhuang,4
Tia_Mowry,2
Tiffany_Limos,2
Tiger_Woods,3
Timbul_Silaen,2
Timothy_Goebel,2
Timothy_McVeigh,4
Timothy_Wirth,3
Tim_Allen,4
Tim_Blake_Nelson,3
Tim_Chapman,2
Tim_Conway,2
Tim_Curry,4
Tim_Duncan,4
Tim_Floyd,3
Tim_Henman,4
Tim_Howard,2
Tim_Lobinger,2
Tim_Lopes,2
Tim_Matheson,3
Tim_Pawlenty,2
Tim_Robbins,4
Tim_Salmon,3
Tina_Andrews,2
Tina_Brown,4
Tina_Fey,4
Tina_Pisnik,2
Tina_Sinatra,2
Tino_Martinez,3
Tippi_Hedren,3
Tirunesh_Dibaba,4
TJ_Ford,2
Toby_Keith,2
Todd_Haynes,3
Todd_MacCulloch,2
Todd_Parrott,2
Todd_Petit,2
Tomas_Enge,3
Tommy_Amaker,4
Tommy_Franks,4
Tommy_Haas,2
Tommy_Lasorda,4
Tommy_Maddox,2
Tommy_Robredo,4
Tommy_Thompson,2
Tommy_Tubberville,4
Tom_Brady,2
Tom_Christerson,3
Tom_Coverdale,4
Tom_Craddick,4
Tom_Cruise,4
Tom_Curley,2
Tom_Daschle,3
Tom_DeLay,4
Tom_Glavine,4
Tom_Hanks,2
Tom_Harkin,4
Tom_Izzo,2
Tom_Jones,2
Tom_Koenigs,4
Tom_McClintock,2
Tom_Poston,3
Tom_Ridge,4
Tom_Rouen,2
Tom_Sizemore,3
Tom_Smothers,4
Tom_Tunney,2
Tom_Vilsack,4
Tom_Watson,2
Tonino_Guerra,4
Toni_Braxton,2
Toni_Jennings,2
Tono_Suratman,2
Tony_Bennett,4
Tony_Blair,3
Tony_Clement,2
Tony_Curtis,3
Tony_Fernandes,4
Tony_LaRussa,4
Tony_Parker,2
Tony_Shalhoub,4
Tony_Stewart,4
Tora_Takagi,2
Tori_Amos,4
Torri_Edwards,4
Toshimitsu_Motegi,2
Toutai_Kefu,2
Tracee_Ellis_Ross,4
Tracy_McGrady,4
Tracy_Wyle,2
Trent_Lott,4
Trevor_McDonald,2
Trisha_Meili,3
Tristan_Gretzky,2
Trista_Rehn,4
Troy_Aikman,4
Troy_Garity,2
Troy_Polamalu,4
Tsutomu_Takebe,2
Tubby_Smith,4
Tuncay_Sanli,4
Tung_Chee-hwa,2
Turner_Gill,2
Turner_Stevenson,4
Tyler_Hamilton,4
Tyra_Banks,2
Tyrone_Medley,2
Ty_Votaw,3
T_Boone_Pickens,4
Uday_Hussein,4
Uma_Thurman,4
unique.csv,1
Untitled.ipynb,1
Urmila_Matondkar,4
Uzi_Even,2
Uzi_Landau,2
Vaclav_Havel,4
Vagit_Alekperov,4
Valdas_Adamkus,4
Valentina_Cervi,2
Valentina_Tereshkova,3
Valentino_Rossi,4
Valerie_Harper,4
Valeri_Bure,4
Valery_Giscard_dEstaing,4
Val_Ackerman,4
Vanessa_Incontrada,2
Vanessa_Redgrave,3
Vanessa_Williams,4
Vecdi_Gonul,4
Venus_Williams,2
Vernon_Forrest,2
Veronica_Lake,2
Viara_Vike-Freiberga,2
Vicente_Fernandez,2
Vicente_Fox,4
Vicki_Zhao_Wei,4
Victoria_Beckham,4
Victor_Garber,2
Victor_Hanescu,2
Vijay_Nambiar,2
Viktor_Yushchenko,2
Vincent_Brooks,3
Vincent_Cianci_Jr,2
Vincent_Gallo,4
Vincent_Sombrotto,2
Vincent_Spadea,2
Vince_Carter,2
Vince_Dooley,4
Vince_Gill,4
Vince_Vaughan,4
Vinnie_Jones,2
Vin_Diesel,4
Viola_Davis,2
Vitali_Klitschko,3
Vivica_Fox,2
Vladimiro_Montesinos,2
Vladimir_Golovlyov,2
Vladimir_Meciar,4
Vladimir_Putin,4
Vojislav_Seselj,2
Vyacheslav_Fetisov,2
Wally_Szczerbiak,4
Walter_Annenberg,2
Walter_Mondale,4
Wanda_de_la_Jesus,2
Wang_Nan,2
Wang_Yingfan,3
Wang_Yi,4
Wan_Yanhai,2
Warren_Beatty,2
Warren_Buffett,4
Warren_Truss,2
Wayne_Allard,3
Wayne_Brady,4
Wayne_Ferreira,2
Wayne_Gretzky,4
Wayne_Newton,4
Wei_Wu,2
Wendy_Selig,2
Wen_Ho_Lee,2
Wen_Jiabao,2
Werner_Schlager,2
Wesley_Clark,4
Wes_Craven,4
Whoopi_Goldberg,4
William_Bratton,2
William_Delahunt,2
William_Donaldson,2
William_Ford_Jr,2
William_Hurt,2
William_Hyde,2
William_Jackson,2
William_Joppy,2
William_Macy,3
William_Morrow,2
William_Nessen,3
William_Perry,4
William_Pryor_Jr,2
William_Rehnquist,4
William_Rosenberg,2
William_Shatner,4
William_Swor,3
William_Webster,4
Willie_Nelson,3
Will_Ferrell,3
Will_Self,4
Will_Smith,4
Will_Young,4
Wilton_Norman_Chamberlain,2
Wim_Duisenberg,3
Winona_Ryder,4
Winston_Churchill,3
Wolfgang_Becker,2
Wolfgang_Clement,4
Wolfgang_Schneiderhan,2
Wolfgang_Schuessel,3
Woody_Allen,4
Wu_Peng,4
Wu_Yi,4
Wycliffe_Grousbeck,4
Xanana_Gusmao,4
Xavier_Malisse,4
Xiang_Huaicheng,2
Xiang_Liu,2
Yale_Kamisar,3
Yang_Jianli,2
Yannos_Papantoniou,4
Yann_Martel,4
Yao_Ming,3
Yasar_Yakis,2
Yasein_Taher,3
Yashwant_Sinha,3
Yasushi_Akashi,4
Yekaterina_Guseva,2
Yoelbi_Quesada,2
Yogi_Berra,2
Yoko_Ono,4
Yolanda_King,4
Yoon_Young-kwan,2
Yoriko_Kawaguchi,2
Yory_Boy_Campas,2
Yoshiyuki_Kamei,3
Yossi_Beilin,2
Yukiko_Okudo,2
Yukio_Hatoyama,4
Yuri_Malenchenko,2
Yuvraj_Singh,4
Yu_Shyi-kun,3
Yves_Brodeur,2
Zach_Parise,2
Zafarullah_Khan_Jamali,2
Zaini_Abdullah,2
Zakia_Hakki,2
Zalmay_Khalilzad,3
Zarai_Toledo,3
Zavad_Zarif,2
Zdravko_Mucic,2
Zeljko_Rebraca,2
Zeng_Qinghong,3
Zhang_Wenkang,2
Zhang_Yimou,4
Zhang_Ziyi,3
Zhong_Nanshan,4
Zhu_Rongji,4
Zico,2
Zinedine_Zidane,2
Zoe_Ball,2
Zoran_Djindjic,4
Zorica_Radovic,2
Zurab_Tsereteli,4
Zydrunas_Ilgauskas,4
